0.007643750000000007,24.625
35,452,41,24.625
47,452,41,24.625
56,452,41,24.625
44,501,53,24.625
30,575,22,24.625
42,575,22,24.625
64,600,30,24.625
40,624,30,24.625
35,649,42,24.625
47,649,42,24.625
56,673,34,24.625
44,698,62,24.625
59,698,62,24.625
71,698,62,24.625
30,747,45,24.625
40,747,45,24.625
27,796,39,24.625
28,796,39,24.625
39,796,39,24.625
55,796,39,24.625
58,796,39,24.625
49,821,35,24.625
34,846,44,24.625
46,846,44,24.625
42,895,58,24.625
32,944,22,24.625
37,944,22,24.625
35,1043,49,24.625
47,1043,49,24.625
32,1067,41,24.625
42,1092,57,24.625
66,1092,57,24.625
32,1117,30,24.625
39,1117,30,24.625
40,1141,60,24.625
32,1166,47,24.625
37,1166,47,24.625
25,1190,43,24.625
46,1190,43,24.625
32,1240,46,24.625
35,1240,46,24.625
47,1240,46,24.625
40,1289,54,24.625
42,1338,25,24.625
58,1338,25,24.625
17,1363,26,24.625
30,1388,26,24.625
37,1412,29,24.625
46,1412,29,24.625
34,1437,39,24.625
46,1437,39,24.625
37,1461,35,24.625
56,1461,35,24.625
46,1486,52,24.625
34,1535,38,24.625
46,1535,38,24.625
56,1535,38,24.625
51,1560,35,24.625
22,1584,37,24.625
35,1584,37,24.625
42,1584,37,24.625
46,1584,37,24.625
23,1609,31,24.625
46,1609,31,24.625
34,1634,43,24.625
35,1658,39,24.625
39,1658,39,24.625
34,1683,56,24.625
35,1782,52,24.625
39,1782,52,24.625
23,1806,46,24.625
34,1831,50,24.625
32,1905,29,24.625
42,1905,29,24.625
35,1929,49,24.625
45,1929,49,24.625
47,1929,49,24.625
37,1954,41,24.625
42,1954,41,24.625
25,1978,48,24.625
47,2003,36,24.625
35,2028,48,24.625
44,2052,44,24.625
56,2052,44,24.625
38,2077,66,24.625
50,2077,66,24.625
57,2077,66,24.625
62,2077,66,24.625
39,2102,53,24.625
51,2102,53,24.625
58,2102,53,24.625
40,2126,49,24.625
52,2126,49,24.625
64,2126,49,24.625
68,2126,49,24.625
71,2151,49,24.625
50,2176,54,24.625
52,2176,54,24.625
37,2200,50,24.625
38,2200,50,24.625
39,2200,50,24.625
47,2200,50,24.625
35,2249,52,24.625
36,2249,52,24.625
44,2249,52,24.625
35,2274,64,24.625
71,2274,64,24.625
44,2299,42,24.625
37,2323,62,24.625
56,2323,62,24.625
27,2372,57,24.625
70,2372,57,24.625
31,2397,41,24.625
34,2397,41,24.625
49,2397,41,24.625
31,2422,53,24.625
46,2422,53,24.625
42,2446,54,24.625
31,2471,53,24.625
29,2496,39,24.625
32,2545,28,24.625
42,2594,34,24.625
47,2594,34,24.625
35,2619,43,24.625
32,2643,40,24.625
42,2643,40,24.625
32,2668,58,24.625
32,2693,27,24.625
35,2693,27,24.625
47,2693,27,24.625
25,2766,47,24.625
37,2766,47,24.625
63,2766,47,24.625
47,2791,34,24.625
32,2816,54,24.625
39,2865,74,24.625
73,2865,74,24.625
40,2890,55,24.57142857142844
51,2890,55,24.57142857142844
52,2890,55,24.57142857142844
58,2890,55,24.57142857142844
59,2890,55,24.57142857142844
63,2890,55,24.57142857142844
40,2914,53,24.57142857142844
64,2914,53,24.57142857142844
68,2914,53,24.57142857142844
38,2939,46,24.57142857142844
50,2939,46,24.57142857142844
52,2939,46,24.57142857142844
39,2963,55,24.57142857142844
51,2963,55,24.57142857142844
38,2988,47,24.57142857142844
56,2988,47,24.57142857142844
34,3012,58,24.57142857142844
37,3012,58,24.57142857142844
49,3012,58,24.57142857142844
34,3061,68,24.0
35,3085,37,24.333333333333485
56,3085,37,24.333333333333485
34,3110,59,24.333333333333485
44,3110,59,24.333333333333485
46,3134,42,24.333333333333485
61,3134,42,24.333333333333485
42,3158,61,24.333333333333485
54,3158,61,24.333333333333485
34,3207,66,24.333333333333485
38,3207,66,24.333333333333485
39,3207,66,24.333333333333485
37,3231,53,24.333333333333485
38,3256,69,24.333333333333485
35,3304,53,24.28571428571422
47,3304,53,24.28571428571422
37,3329,40,24.28571428571422
39,3329,40,24.28571428571422
51,3329,40,24.28571428571422
23,3353,52,24.28571428571422
34,3377,48,24.28571428571422
38,3426,60,24.28571428571422
23,3475,30,24.625
39,3499,43,24.625
45,3499,43,24.625
25,3548,42,24.625
37,3548,42,24.625
44,3548,42,24.625
47,3573,37,24.625
35,3598,53,24.625
44,3622,45,24.625
56,3622,45,24.625
42,3647,68,24.625
54,3647,68,24.625
54,3695,52,24.0
61,3695,52,24.0
66,3695,52,24.0
70,3695,52,24.0
84,3695,52,24.0
54,3719,47,24.0
42,3743,60,24.0
70,3743,60,24.0
76,3743,60,24.0
35,3767,56,24.0
39,3767,56,24.0
47,3767,56,24.0
54,3767,56,24.0
54,3815,45,24.0
61,3839,75,24.0
56,3865,40,26.40000000000009
63,3865,40,26.40000000000009
58,3892,72,26.40000000000009
62,3892,72,26.40000000000009
27,3918,59,26.40000000000009
73,3918,59,26.40000000000009
37,3945,63,26.40000000000009
49,3945,63,26.40000000000009
56,3945,63,26.40000000000009
34,3971,60,26.399999999999636
34,3995,59,24.0
49,3995,59,24.0
37,4043,57,24.0
37,4067,42,24.0
38,4067,42,24.0
49,4067,42,24.0
37,4091,45,24.0
38,4091,45,24.0
39,4091,45,24.0
49,4091,45,24.0
56,4091,45,24.0
32,4115,37,24.0
36,4139,53,24.0
38,4139,53,24.0
36,4187,56,24.0
47,4187,56,24.0
32,4211,46,24.0
36,4211,46,24.0
52,4211,46,24.0
54,4211,46,24.0
60,4235,69,24.0
66,4235,69,24.0
40,4260,39,24.81481481481478
42,4260,39,24.81481481481478
52,4260,39,24.81481481481478
32,4285,61,24.81481481481478
39,4285,61,24.81481481481478
51,4285,61,24.81481481481478
41,4309,59,24.81481481481478
25,4334,65,24.81481481481478
52,4334,65,24.81481481481478
74,4334,65,24.81481481481478
41,4359,51,24.81481481481478
32,4384,49,24.81481481481478
32,4434,61,24.81481481481478
47,4434,61,24.81481481481478
30,4483,34,24.81481481481478
42,4483,34,24.81481481481478
47,4483,34,24.81481481481478
37,4508,28,24.81481481481478
34,4558,46,24.81481481481478
42,4582,63,24.81481481481478
34,4607,50,24.81481481481478
35,4607,50,24.81481481481478
56,4607,50,24.81481481481478
35,4632,61,24.81481481481478
47,4632,61,24.81481481481478
54,4632,61,24.81481481481478
46,4657,49,24.81481481481478
34,4682,57,24.81481481481478
34,4706,46,24.81481481481478
35,4706,46,24.81481481481478
46,4706,46,24.81481481481478
23,4731,55,24.81481481481478
37,4731,55,24.81481481481478
34,4781,70,24.81481481481478
47,4781,70,24.81481481481478
38,4806,60,24.81481481481478
39,4806,60,24.81481481481478
34,4831,50,24.81481481481478
61,4831,50,24.81481481481478
41,4855,41,24.81481481481478
50,4855,41,24.81481481481478
39,4905,72,24.81481481481569
51,4905,72,24.81481481481569
52,4928,64,22.800000000000182
40,4951,53,22.800000000000182
47,4951,53,22.800000000000182
38,4973,76,22.800000000000182
52,4973,76,22.800000000000182
34,4996,52,22.800000000000182
38,4996,52,22.800000000000182
38,5019,66,22.799999999999272
32,5045,32,26.25
51,5045,32,26.25
47,5072,55,26.25
12,5098,50,26.25
14,5098,50,26.25
45,5124,97,26.25
34,5148,70,23.5
46,5148,70,23.5
47,5171,72,23.5
10,5194,66,23.5
16,5194,66,23.5
32,5194,66,23.5
35,5194,66,23.5
12,5218,87,23.5
14,5218,87,23.5
10,5243,57,24.727272727272975
32,5243,57,24.727272727272975
35,5243,57,24.727272727272975
12,5267,69,24.727272727272975
14,5267,69,24.727272727272975
32,5267,69,24.727272727272975
47,5267,69,24.727272727272975
47,5292,66,24.727272727272975
59,5292,66,24.727272727272975
32,5317,72,24.727272727272975
35,5317,72,24.727272727272975
47,5317,72,24.727272727272975
59,5317,72,24.727272727272975
47,5342,66,24.727272727272975
60,5342,66,24.727272727272975
46,5366,67,24.727272727272975
47,5366,67,24.727272727272975
77,5391,52,24.727272727272975
34,5416,85,24.727272727272975
46,5416,85,24.727272727272975
47,5416,85,24.727272727272975
47,5441,55,24.727272727272975
59,5441,55,24.727272727272975
71,5441,55,24.727272727272975
10,5465,67,24.727272727272975
37,5465,67,24.727272727272975
49,5465,67,24.727272727272975
47,5490,61,24.727272727270247
19,5514,83,23.600000000000364
44,5514,83,23.600000000000364
56,5514,83,23.600000000000364
34,5537,69,23.600000000000364
46,5537,69,23.600000000000364
58,5537,69,23.600000000000364
34,5561,74,23.600000000000364
42,5561,74,23.600000000000364
54,5561,74,23.600000000000364
17,5584,64,23.600000000000364
19,5584,64,23.600000000000364
17,5633,51,24.625
31,5633,51,24.625
47,5633,51,24.625
19,5657,71,24.625
34,5657,71,24.625
46,5657,71,24.625
42,5706,60,24.625
46,5731,41,24.625
42,5756,62,24.625
46,5756,62,24.625
17,5805,85,24.625
46,5805,85,24.625
25,5854,52,24.5
32,5854,52,24.5
37,5854,52,24.5
44,5854,52,24.5
12,5878,43,24.5
20,5878,43,24.5
25,5878,43,24.5
14,5903,93,24.5
32,5903,93,24.5
37,5903,93,24.5
46,5903,93,24.5
34,5928,71,24.5
32,5952,73,24.5
46,5952,73,24.5
47,5952,73,24.5
10,5976,64,24.5
16,5976,64,24.5
59,5976,64,24.5
47,6001,86,24.5
32,6050,74,24.300000000000182
32,6074,71,24.300000000000182
47,6074,71,24.300000000000182
47,6098,76,24.300000000000182
60,6098,76,24.300000000000182
46,6123,65,24.300000000000182
46,6147,59,24.300000000000182
47,6147,59,24.300000000000182
32,6171,65,24.300000000000182
34,6171,65,24.300000000000182
58,6171,65,24.300000000000182
59,6171,65,24.300000000000182
35,6195,78,24.300000000000182
47,6195,78,24.300000000000182
29,6220,66,24.300000000000182
47,6220,66,24.300000000000182
16,6244,67,24.299999999998363
17,6244,67,24.299999999998363
19,6244,67,24.299999999998363
46,6244,67,24.299999999998363
47,6244,67,24.299999999998363
12,6268,65,24.25
14,6268,65,24.25
54,6268,65,24.25
35,6292,71,24.25
58,6292,71,24.25
12,6317,70,24.25
46,6317,70,24.25
34,6341,74,24.25
54,6341,74,24.25
59,6341,74,24.25
16,6366,77,24.699999999999818
34,6366,77,24.699999999999818
59,6366,77,24.699999999999818
65,6366,77,24.699999999999818
70,6366,77,24.699999999999818
58,6390,84,24.699999999999818
17,6415,43,24.699999999999818
19,6415,43,24.699999999999818
46,6415,43,24.699999999999818
23,6440,72,24.699999999999818
46,6440,72,24.699999999999818
54,6464,67,24.699999999999818
42,6489,61,24.699999999999818
35,6514,42,24.699999999999818
42,6514,42,24.699999999999818
34,6539,64,24.699999999999818
10,6588,93,24.700000000001637
12,6588,93,24.700000000001637
52,6588,93,24.700000000001637
34,6615,69,27.0
42,6615,69,27.0
54,6615,69,27.0
10,6642,92,27.0
12,6642,92,27.0
54,6642,92,27.0
61,6642,92,27.0
12,6669,66,27.0
16,6669,66,27.0
29,6669,66,27.0
54,6669,66,27.0
10,6696,98,27.0
54,6696,98,27.0
25,6719,56,23.0
35,6719,56,23.0
12,6742,92,23.0
61,6742,92,23.0
63,6766,74,23.5
37,6812,56,23.25
49,6812,56,23.25
80,6812,56,23.25
35,6836,60,23.25
47,6836,60,23.25
32,6859,46,23.25
77,6859,46,23.25
10,6882,89,23.25
17,6882,89,23.25
42,6882,89,23.25
49,6882,89,23.25
48,6902,70,20.5
50,6902,70,20.5
63,6902,70,20.5
10,6923,80,20.5
50,6923,80,20.5
61,6923,80,20.5
68,6923,80,20.5
73,6923,80,20.5
19,6938,96,15.0
51,6938,96,15.0
10,6960,68,22.5
44,7009,48,26.0
10,7061,66,26.0
12,7061,66,26.0
14,7084,106,23.0
17,7084,106,23.0
10,7111,66,27.0
34,7111,66,27.0
61,7111,66,27.0
73,7111,66,27.0
14,7138,70,27.0
16,7138,70,27.0
49,7138,70,27.0
73,7138,70,27.0
34,7165,85,27.0
61,7165,85,27.0
73,7165,85,27.0
49,7206,60,26.0
73,7206,60,26.0
77,7206,60,26.0
80,7206,60,26.0
83,7206,60,26.0
61,7232,91,26.0
63,7232,91,26.0
77,7232,91,26.0
17,7250,60,18.5
51,7250,60,18.5
63,7250,60,18.5
70,7250,60,18.5
85,7250,60,18.5
32,7269,80,18.5
42,7269,80,18.5
62,7269,80,18.5
63,7269,80,18.5
48,7296,67,26.5
10,7322,76,26.5
49,7322,76,26.5
63,7361,94,19.5
14,7402,72,25.5
52,7402,72,25.5
62,7402,72,25.5
63,7402,72,25.5
75,7402,72,25.5
10,7427,87,25.5
14,7427,87,25.5
47,7427,87,25.5
54,7427,87,25.5
16,7452,72,25.5
52,7452,72,25.5
54,7452,72,25.5
64,7452,72,25.5
71,7452,72,25.5
10,7478,101,25.5
61,7478,101,25.5
12,7500,61,21.5
51,7500,61,21.5
63,7500,61,21.5
70,7500,61,21.5
12,7521,76,21.5
14,7521,76,21.5
32,7521,76,21.5
47,7521,76,21.5
59,7521,76,21.5
32,7548,72,26.5
52,7548,72,26.5
65,7548,72,26.5
59,7574,100,26.5
70,7574,100,26.5
14,7595,58,21.0
25,7595,58,21.0
32,7595,58,21.0
47,7595,58,21.0
58,7595,58,21.0
59,7595,58,21.0
12,7616,71,21.0
49,7616,71,21.0
12,7648,74,32.0
14,7648,74,32.0
32,7648,74,32.0
47,7648,74,32.0
10,7678,67,30.0
12,7678,67,30.0
32,7678,67,30.0
37,7678,67,30.0
19,7708,78,30.0
34,7708,78,30.0
59,7708,78,30.0
60,7708,78,30.0
66,7708,78,30.0
72,7708,78,30.0
73,7708,78,30.0
10,7738,68,30.5
61,7738,68,30.5
37,7769,99,30.5
61,7769,99,30.5
19,7796,66,26.66666666666697
34,7796,66,26.66666666666697
42,7796,66,26.66666666666697
46,7796,66,26.66666666666697
61,7796,66,26.66666666666697
68,7796,66,26.66666666666697
73,7796,66,26.66666666666697
61,7822,75,26.66666666666697
73,7822,75,26.66666666666697
12,7849,84,26.66666666666606
16,7849,84,26.66666666666606
61,7849,84,26.66666666666606
68,7849,84,26.66666666666606
73,7849,84,26.66666666666606
10,7867,111,18.0
47,7867,111,18.0
10,7890,65,23.0
85,7890,65,23.0
10,7913,79,23.0
12,7913,79,23.0
42,7990,31,25.25
10,8016,81,25.25
46,8016,81,25.25
10,8066,112,25.25
12,8066,112,25.25
63,8066,112,25.25
14,8089,91,23.0
49,8089,91,23.0
52,8089,91,23.0
10,8112,89,23.0
42,8112,89,23.0
19,8137,111,25.0
42,8163,108,26.0
37,8184,89,21.0
17,8226,78,16.0
19,8226,78,16.0
47,8226,78,16.0
54,8226,78,16.0
59,8226,78,16.0
44,8241,82,15.0
56,8241,82,15.0
10,8263,100,22.0
12,8263,100,22.0
14,8263,100,22.0
46,8263,100,22.0
57,8263,100,22.0
58,8263,100,22.0
61,8263,100,22.0
62,8263,100,22.0
65,8263,100,22.0
66,8280,81,17.0
74,8280,81,17.0
12,8309,103,29.0
17,8309,103,29.0
19,8309,103,29.0
63,8309,103,29.0
14,8333,74,24.0
44,8357,105,24.0
63,8357,105,24.0
66,8357,105,24.0
67,8357,105,24.0
52,8382,67,25.0
60,8382,67,25.0
66,8382,67,25.0
72,8382,67,25.0
44,8407,88,25.0
56,8407,88,25.0
58,8432,58,24.5
10,8456,97,24.5
17,8456,97,24.5
19,8456,97,24.5
47,8456,97,24.5
59,8456,97,24.5
63,8456,97,24.5
59,8480,68,24.0
62,8480,68,24.0
19,8504,105,24.0
61,8504,105,24.0
61,8532,83,28.0
10,8578,70,26.5
44,8578,70,26.5
12,8605,85,26.5
14,8605,85,26.5
17,8630,73,24.5
19,8630,73,24.5
10,8654,109,24.5
56,8654,109,24.5
34,8676,65,22.0
46,8676,65,22.0
47,8676,65,22.0
49,8676,65,22.0
14,8698,98,22.0
56,8698,98,22.0
16,8724,88,26.0
34,8724,88,26.0
57,8724,88,26.0
61,8724,88,26.0
64,8724,88,26.0
65,8724,88,26.0
73,8724,88,26.0
56,8750,105,26.0
21,8774,61,23.5
34,8774,61,23.5
46,8774,61,23.5
49,8774,61,23.5
61,8774,61,23.5
10,8797,84,23.5
42,8797,84,23.5
48,8797,84,23.5
34,8822,69,25.5
49,8822,69,25.5
56,8822,69,25.5
60,8822,69,25.5
64,8822,69,25.5
10,8848,102,25.5
61,8848,102,25.5
65,8848,102,25.5
10,8880,105,32.0
61,8880,105,32.0
32,8897,101,17.0
54,8942,95,22.5
61,8942,95,22.5
10,8975,84,33.0
44,8975,84,33.0
56,8975,84,33.0
12,9001,96,26.0
46,9024,66,22.5
57,9024,66,22.5
58,9024,66,22.5
10,9046,100,22.5
12,9046,100,22.5
32,9046,100,22.5
37,9046,100,22.5
46,9046,100,22.5
58,9046,100,22.5
32,9073,79,27.0
47,9073,79,27.0
58,9073,79,27.0
59,9073,79,27.0
66,9073,79,27.0
10,9094,91,21.0
12,9094,91,21.0
14,9094,91,21.0
32,9094,91,21.0
66,9094,91,21.0
75,9124,72,30.0
58,9143,110,19.0
65,9143,110,19.0
74,9143,110,19.0
51,9161,72,18.0
59,9161,72,18.0
66,9161,72,18.0
71,9161,72,18.0
75,9161,72,18.0
17,9192,93,15.0
19,9192,93,15.0
44,9216,84,24.0
47,9216,84,24.0
17,9244,96,28.0
19,9244,96,28.0
32,9244,96,28.0
61,9244,96,28.0
50,9274,99,30.0
61,9274,99,30.0
62,9274,99,30.0
17,9289,100,15.0
19,9289,100,15.0
34,9289,100,15.0
42,9289,100,15.0
19,9324,89,35.0
52,9324,89,35.0
75,9324,89,35.0
59,9339,104,15.0
78,9339,104,15.0
34,9373,96,34.0
49,9373,96,34.0
12,9390,99,17.0
14,9390,99,17.0
10,9445,71,23.0
12,9445,71,23.0
14,9445,71,23.0
17,9445,71,23.0
56,9462,57,17.0
10,9486,102,24.0
42,9486,102,24.0
12,9510,72,24.5
42,9535,104,24.5
61,9535,104,24.5
54,9562,71,27.0
61,9562,71,27.0
42,9584,83,22.0
46,9584,83,22.0
54,9584,83,22.0
61,9584,83,22.0
55,9613,84,29.0
10,9634,85,21.0
42,9681,93,18.0
12,9706,69,25.0
42,9731,109,25.0
54,9731,109,25.0
17,9761,89,30.0
39,9761,89,30.0
56,9761,89,30.0
12,9781,114,20.0
10,9811,99,30.0
17,9811,99,30.0
19,9811,99,30.0
12,9836,98,25.0
44,9836,98,25.0
62,9836,98,25.0
14,9857,80,21.0
32,9857,80,21.0
51,9857,80,21.0
63,9857,80,21.0
10,9878,97,21.0
12,9878,97,21.0
14,9878,97,21.0
17,9878,97,21.0
63,9878,97,21.0
14,9902,70,24.5
32,9902,70,24.5
63,9927,100,24.5
50,9952,72,25.0
55,9952,72,25.0
62,9952,72,25.0
63,9952,72,25.0
44,9977,81,25.0
49,9977,81,25.0
50,9977,81,25.0
52,9977,81,25.0
54,9977,81,25.0
56,9977,81,25.0
62,9977,81,25.0
64,9977,81,25.0
71,9977,81,25.0
50,10005,73,28.0
62,10005,73,28.0
74,10005,73,28.0
10,10025,92,20.0
12,10025,92,20.0
17,10025,92,20.0
19,10025,92,20.0
51,10025,92,20.0
54,10025,92,20.0
63,10025,92,20.0
70,10025,92,20.0
49,10044,68,18.5
52,10062,76,18.5
61,10062,76,18.5
17,10087,71,25.0
19,10087,71,25.0
46,10148,62,25.5
47,10148,62,25.5
61,10148,62,25.5
10,10173,102,25.5
14,10173,102,25.5
48,10173,102,25.5
60,10173,102,25.5
17,10198,77,25.0
19,10198,77,25.0
44,10198,77,25.0
10,10223,105,25.0
60,10223,105,25.0
72,10223,105,25.0
14,10241,85,18.0
16,10241,85,18.0
49,10241,85,18.0
54,10241,85,18.0
61,10241,85,18.0
73,10241,85,18.0
34,10271,103,30.0
60,10271,103,30.0
72,10271,103,30.0
73,10271,103,30.0
49,10290,79,19.0
54,10290,79,19.0
66,10290,79,19.0
68,10290,79,19.0
32,10319,105,29.0
52,10319,105,29.0
61,10319,105,29.0
82,10319,105,29.0
49,10353,94,34.0
53,10353,94,34.0
54,10353,94,34.0
80,10353,94,34.0
12,10369,95,16.0
14,10369,95,16.0
16,10369,95,16.0
38,10369,95,16.0
42,10369,95,16.0
54,10369,95,16.0
51,10399,94,30.0
63,10399,94,30.0
10,10417,87,18.0
54,10450,106,33.0
32,10465,103,15.0
47,10490,72,25.5
65,10490,72,25.5
54,10516,106,25.5
61,10516,106,25.5
10,10545,78,29.0
35,10545,78,29.0
47,10545,78,29.0
12,10567,98,22.0
14,10567,98,22.0
47,10567,98,22.0
59,10567,98,22.0
10,10605,60,19.0
12,10605,60,19.0
37,10605,60,19.0
10,10634,67,29.5
12,10664,94,29.5
14,10664,94,29.5
32,10664,94,29.5
47,10664,94,29.5
59,10664,94,29.5
75,10664,94,29.5
32,10688,67,24.0
59,10688,67,24.0
56,10736,61,24.5
63,10736,61,24.5
17,10761,106,24.5
19,10761,106,24.5
51,10761,106,24.5
47,10786,65,24.5
59,10786,65,24.5
10,10810,83,24.5
17,10810,83,24.5
19,10810,83,24.5
20,10810,83,24.5
30,10810,83,24.5
32,10810,83,24.5
14,10843,104,33.0
56,10843,104,33.0
63,10843,104,33.0
17,10860,101,17.0
19,10860,101,17.0
34,10939,94,31.0
58,10939,94,31.0
61,10939,94,31.0
10,10958,93,19.0
12,10958,93,19.0
14,10958,93,19.0
16,10958,93,19.0
49,10958,93,19.0
73,10958,93,19.0
19,10982,71,23.5
80,10982,71,23.5
10,11005,99,23.5
12,11005,99,23.5
17,11005,99,23.5
42,11005,99,23.5
81,11005,99,23.5
12,11030,67,25.5
47,11030,67,25.5
63,11030,67,25.5
10,11056,96,25.5
19,11056,96,25.5
12,11087,77,31.0
81,11087,77,31.0
47,11104,103,17.0
81,11104,103,17.0
46,11124,67,20.0
47,11124,67,20.0
78,11124,67,20.0
42,11153,83,29.0
46,11153,83,29.0
47,11153,83,29.0
81,11153,83,29.0
10,11185,91,32.0
46,11185,91,32.0
47,11185,91,32.0
12,11202,89,17.0
14,11202,89,17.0
16,11202,89,17.0
19,11226,77,24.5
42,11251,89,24.5
34,11274,58,23.5
10,11331,80,33.0
10,11349,104,18.0
12,11349,104,18.0
14,11349,104,18.0
17,11374,65,25.0
52,11374,65,25.0
63,11374,65,25.0
10,11399,100,25.0
12,11399,100,25.0
37,11399,100,25.0
14,11423,74,24.25
25,11423,74,24.25
70,11423,74,24.25
47,11448,72,24.25
14,11496,92,24.25
16,11521,41,24.625
29,11521,41,24.625
32,11521,41,24.625
41,11521,41,24.625
56,11521,41,24.625
34,11545,61,24.625
35,11545,61,24.625
63,11545,61,24.625
10,11594,67,24.625
17,11619,40,24.625
19,11619,40,24.625
35,11619,40,24.625
47,11619,40,24.625
44,11668,48,24.625
63,11668,48,24.625
52,11726,81,33.0
64,11726,81,33.0
12,11745,91,19.0
14,11745,91,19.0
54,11745,91,19.0
17,11779,79,34.0
29,11779,79,34.0
63,11779,79,34.0
10,11802,71,22.600000000000364
12,11802,71,22.600000000000364
34,11802,71,22.600000000000364
16,11824,56,22.600000000000364
19,11824,56,22.600000000000364
14,11847,66,22.600000000000364
17,11847,66,22.600000000000364
34,11869,58,22.600000000000364
42,11869,58,22.600000000000364
63,11892,98,22.599999999998545
34,11926,76,34.0
52,11926,76,34.0
63,11926,76,34.0
64,11926,76,34.0
54,11941,81,15.0
73,11941,81,15.0
29,11964,69,23.0
51,11964,69,23.0
63,11964,69,23.0
32,11987,82,23.0
49,12021,88,34.0
61,12021,88,34.0
10,12042,75,21.0
47,12042,75,21.0
14,12109,49,25.0
16,12109,49,25.0
49,12109,49,25.0
61,12109,49,25.0
10,12134,87,25.0
12,12134,87,25.0
14,12134,87,25.0
16,12162,57,28.0
10,12190,89,28.0
12,12190,89,28.0
14,12190,89,28.0
37,12190,89,28.0
63,12190,89,28.0
12,12213,72,22.75
32,12213,72,22.75
70,12213,72,22.75
37,12236,69,22.75
47,12236,69,22.75
16,12306,39,24.625
12,12330,64,24.625
17,12330,64,24.625
29,12330,64,24.625
19,12355,51,24.625
25,12355,51,24.625
30,12355,51,24.625
37,12355,51,24.625
10,12380,68,24.625
44,12404,52,24.625
17,12429,76,24.625
19,12429,76,24.625
34,12429,76,24.625
37,12478,102,24.625
63,12478,102,24.625
34,12512,85,34.0
51,12512,85,34.0
52,12512,85,34.0
63,12512,85,34.0
64,12512,85,34.0
12,12529,93,17.0
54,12529,93,17.0
10,12563,82,34.0
17,12563,82,34.0
34,12563,82,34.0
51,12563,82,34.0
63,12563,82,34.0
12,12584,77,20.66666666666606
12,12604,67,20.66666666666606
51,12604,67,20.66666666666606
12,12625,83,20.66666666666788
63,12625,83,20.66666666666788
51,12673,101,24.0
63,12673,101,24.0
51,12698,59,25.0
17,12747,64,24.16666666666606
19,12747,64,24.16666666666606
37,12747,64,24.16666666666606
10,12771,77,24.16666666666606
12,12771,77,24.16666666666606
35,12771,77,24.16666666666606
10,12820,80,24.16666666666606
66,12844,52,24.16666666666606
10,12919,106,25.5
12,12919,106,25.5
14,12919,106,25.5
12,12944,65,24.5
10,12968,90,24.5
12,12968,90,24.5
14,12968,90,24.5
17,12968,90,24.5
63,12968,90,24.5
10,12992,51,24.5
12,12992,51,24.5
14,12992,51,24.5
25,12992,51,24.5
32,12992,51,24.5
14,13017,82,24.5
35,13017,82,24.5
10,13066,113,24.5
12,13066,113,24.5
32,13066,113,24.5
10,13090,57,24.5
59,13090,57,24.5
46,13115,85,24.5
49,13115,85,24.5
17,13140,72,25.0
35,13140,72,25.0
47,13140,72,25.0
10,13165,97,25.0
12,13165,97,25.0
37,13165,97,25.0
10,13189,63,24.0
17,13189,63,24.0
19,13189,63,24.0
47,13189,63,24.0
44,13238,67,24.5
10,13262,113,24.5
12,13262,113,24.5
38,13262,113,24.5
38,13287,69,25.0
44,13287,69,25.0
10,13312,93,25.0
12,13312,93,25.0
14,13312,93,25.0
46,13312,93,25.0
49,13312,93,25.0
10,13336,67,24.5
17,13336,67,24.5
19,13336,67,24.5
46,13336,67,24.5
10,13361,98,24.5
12,13361,98,24.5
14,13361,98,24.5
14,13385,74,24.0
16,13385,74,24.0
46,13385,74,24.0
66,13385,74,24.0
42,13409,84,24.0
34,13434,61,24.5
10,13458,112,24.5
12,13458,112,24.5
10,13483,56,25.0
49,13483,56,25.0
54,13483,56,25.0
32,13508,79,25.0
46,13508,79,25.0
51,13508,79,25.0
63,13508,79,25.0
10,13532,62,24.5
48,13532,62,24.5
12,13557,93,24.5
14,13557,93,24.5
54,13557,93,24.5
39,13609,78,22.33333333333394
48,13609,78,22.33333333333394
42,13632,61,22.33333333333394
10,13654,112,22.33333333333212
12,13654,112,22.33333333333212
10,13680,61,25.5
12,13680,61,25.5
16,13680,61,25.5
10,13705,87,25.5
12,13705,87,25.5
14,13705,87,25.5
10,13755,98,25.0
12,13755,98,25.0
14,13755,98,25.0
37,13755,98,25.0
12,13778,72,23.0
32,13778,72,23.0
10,13851,115,25.0
12,13851,115,25.0
10,13876,65,24.5
17,13876,65,24.5
35,13876,65,24.5
44,13876,65,24.5
10,13949,103,24.5
12,13949,103,24.5
34,13997,89,15.0
42,13997,89,15.0
10,14047,113,25.0
12,14047,113,25.0
12,14072,70,24.5
14,14072,70,24.5
29,14072,70,24.5
34,14072,70,24.5
63,14072,70,24.5
10,14096,96,24.5
12,14096,96,24.5
10,14120,69,24.0
17,14120,69,24.0
19,14120,69,24.0
10,14144,96,24.0
12,14144,96,24.0
17,14144,96,24.0
47,14144,96,24.0
10,14169,69,25.0
12,14169,69,25.0
39,14169,69,25.0
10,14243,114,24.5
12,14243,114,24.5
17,14243,114,24.5
10,14268,63,25.0
17,14268,63,25.0
19,14268,63,25.0
38,14317,71,24.0
47,14317,71,24.0
10,14341,97,24.0
12,14341,97,24.0
14,14341,97,24.0
17,14341,97,24.0
35,14341,97,24.0
42,14390,88,18.0
17,14414,58,24.0
19,14414,58,24.0
66,14414,58,24.0
10,14438,112,24.0
12,14438,112,24.0
17,14438,112,24.0
10,14463,56,25.0
12,14463,56,25.0
66,14463,56,25.0
12,14488,111,25.0
14,14488,111,25.0
10,14520,95,32.0
12,14541,102,21.0
14,14541,102,21.0
45,14564,73,23.5
46,14564,73,23.5
47,14588,71,23.5
10,14612,70,23.5
32,14612,70,23.5
35,14612,70,23.5
12,14635,77,23.5
14,14635,77,23.5
47,14635,77,23.5
10,14660,58,24.75
14,14660,58,24.75
32,14660,58,24.75
35,14660,58,24.75
47,14660,58,24.75
12,14684,71,24.75
32,14684,71,24.75
47,14684,71,24.75
47,14709,67,24.75
25,14734,75,24.75
32,14734,75,24.75
47,14734,75,24.75
47,14759,71,24.75
46,14784,71,24.75
47,14784,71,24.75
47,14808,59,24.75
34,14833,91,24.75
46,14833,91,24.75
77,14833,91,24.75
59,14858,61,24.66666666666606
10,14882,71,24.66666666666606
37,14882,71,24.66666666666606
47,14907,64,24.66666666666788
56,14907,64,24.66666666666788
19,14933,87,26.0
34,14957,68,24.3125
46,14957,68,24.3125
34,14982,74,24.3125
42,14982,74,24.3125
54,14982,74,24.3125
17,15006,68,24.3125
19,15006,68,24.3125
42,15030,75,24.3125
17,15055,49,24.3125
31,15055,49,24.3125
46,15055,49,24.3125
61,15055,49,24.3125
19,15079,66,24.3125
30,15079,66,24.3125
34,15079,66,24.3125
37,15079,66,24.3125
42,15079,66,24.3125
37,15152,38,24.3125
46,15152,38,24.3125
42,15176,50,24.3125
46,15176,50,24.3125
17,15200,43,24.3125
37,15200,43,24.3125
46,15200,43,24.3125
37,15225,89,24.3125
46,15249,55,24.3125
20,15273,57,24.3125
32,15273,57,24.3125
37,15273,57,24.3125
44,15273,57,24.3125
12,15322,97,24.3125
14,15322,97,24.3125
32,15322,97,24.3125
37,15322,97,24.3125
46,15322,97,24.3125
34,15346,75,24.25
35,15346,75,24.25
16,15370,73,24.25
46,15370,73,24.25
47,15395,69,24.25
35,15419,85,24.25
47,15419,85,24.25
32,15470,81,25.66666666666606
59,15470,81,25.66666666666606
47,15496,72,25.66666666666606
59,15496,72,25.66666666666606
47,15522,75,25.66666666666606
59,15522,75,25.66666666666606
60,15522,75,25.66666666666606
32,15573,76,25.6666666666697
34,15573,76,25.6666666666697
46,15573,76,25.6666666666697
58,15573,76,25.6666666666697
47,15595,63,22.25
59,15595,63,22.25
35,15618,83,22.25
47,15640,76,22.25
14,15662,71,22.25
16,15662,71,22.25
17,15662,71,22.25
19,15662,71,22.25
35,15662,71,22.25
46,15662,71,22.25
47,15662,71,22.25
12,15686,68,24.5
54,15686,68,24.5
12,15711,85,24.5
35,15711,85,24.5
46,15734,72,23.5
58,15734,72,23.5
34,15758,78,23.5
54,15758,78,23.5
59,15758,78,23.5
16,15783,80,24.899999999999636
59,15783,80,24.899999999999636
65,15783,80,24.899999999999636
70,15783,80,24.899999999999636
58,15808,84,24.899999999999636
17,15833,46,24.899999999999636
46,15833,46,24.899999999999636
46,15858,75,24.899999999999636
54,15882,69,24.899999999999636
42,15907,65,24.899999999999636
46,15907,65,24.899999999999636
35,15932,44,24.899999999999636
42,15932,44,24.899999999999636
34,15957,51,24.899999999999636
41,15957,51,24.899999999999636
22,15982,46,24.899999999999636
17,16033,62,25.75
19,16033,62,25.75
37,16033,62,25.75
14,16058,83,25.75
16,16058,83,25.75
61,16058,83,25.75
76,16058,83,25.75
10,16110,99,25.75
59,16110,99,25.75
66,16110,99,25.75
71,16110,99,25.75
12,16135,49,25.0
47,16135,49,25.0
47,16181,70,21.0
32,16226,78,24.5
44,16251,66,24.5
44,16290,88,19.5
60,16290,88,19.5
66,16290,88,19.5
46,16314,69,23.75
47,16314,69,23.75
47,16338,77,23.75
56,16338,77,23.75
63,16338,77,23.75
44,16361,64,23.75
72,16361,64,23.75
47,16385,55,23.75
75,16385,55,23.75
46,16409,57,23.75
47,16409,57,23.75
58,16409,57,23.75
59,16409,57,23.75
66,16409,57,23.75
46,16432,59,23.75
47,16432,59,23.75
51,16432,59,23.75
58,16432,59,23.75
59,16432,59,23.75
60,16432,59,23.75
66,16432,59,23.75
71,16432,59,23.75
47,16456,45,23.75
10,16480,61,23.75
12,16480,61,23.75
44,16480,61,23.75
46,16505,81,25.277777777777374
49,16505,81,25.277777777777374
45,16531,60,25.277777777777374
46,16531,60,25.277777777777374
58,16531,60,25.277777777777374
19,16556,72,25.277777777777374
42,16556,72,25.277777777777374
61,16581,63,25.277777777777374
10,16606,82,25.277777777777374
12,16606,82,25.277777777777374
46,16606,82,25.277777777777374
54,16606,82,25.277777777777374
42,16632,67,25.277777777777374
46,16657,76,25.277777777777374
54,16657,76,25.277777777777374
61,16657,76,25.277777777777374
70,16657,76,25.277777777777374
41,16682,69,25.277777777777374
46,16682,69,25.277777777777374
10,16707,56,25.277777777777374
46,16707,56,25.277777777777374
12,16733,41,25.277777777777374
14,16758,40,25.277777777777374
46,16758,40,25.277777777777374
37,16809,42,25.277777777777374
44,16809,42,25.277777777777374
10,16834,70,25.277777777777374
25,16834,70,25.277777777777374
34,16834,70,25.277777777777374
61,16834,70,25.277777777777374
17,16859,45,25.277777777777374
19,16859,45,25.277777777777374
71,16859,45,25.277777777777374
10,16884,74,25.277777777777374
12,16884,74,25.277777777777374
14,16884,74,25.277777777777374
37,16884,74,25.277777777777374
59,16884,74,25.277777777777374
66,16884,74,25.277777777777374
59,16935,80,25.27777777778465
60,16935,80,25.27777777778465
65,16935,80,25.27777777778465
47,16955,59,20.0
59,16955,59,20.0
66,16955,59,20.0
32,17002,83,27.5
44,17030,65,27.5
47,17030,65,27.5
44,17050,52,19.5
60,17050,52,19.5
59,17069,86,19.5
32,17099,69,30.0
10,17129,78,30.0
12,17129,78,30.0
44,17129,78,30.0
47,17129,78,30.0
78,17129,78,30.0
14,17152,61,23.0
44,17152,61,23.0
44,17198,66,22.5
47,17198,66,22.5
59,17198,66,22.5
66,17198,66,22.5
71,17198,66,22.5
47,17220,79,22.5
61,17220,79,22.5
64,17220,79,22.5
73,17220,79,22.5
35,17241,59,21.0
47,17241,59,21.0
32,17262,71,21.0
49,17262,71,21.0
83,17262,71,21.0
10,17284,103,22.0
12,17284,103,22.0
37,17284,103,22.0
51,17284,103,22.0
19,17327,80,21.5
49,17327,80,21.5
50,17327,80,21.5
51,17327,80,21.5
61,17327,80,21.5
62,17327,80,21.5
63,17327,80,21.5
73,17327,80,21.5
74,17327,80,21.5
61,17354,66,27.5
10,17382,105,27.5
12,17382,105,27.5
61,17382,105,27.5
10,17410,68,28.5
60,17439,78,28.5
61,17439,78,28.5
10,17462,78,23.0
12,17462,78,23.0
62,17462,78,23.0
72,17462,78,23.0
37,17479,100,17.0
10,17503,62,23.75
17,17503,62,23.75
19,17503,62,23.75
10,17574,103,23.75
12,17574,103,23.75
42,17602,73,27.5
54,17602,73,27.5
10,17629,94,27.5
12,17629,94,27.5
54,17629,94,27.5
61,17629,94,27.5
12,17653,68,24.0
54,17653,68,24.0
10,17682,100,29.0
54,17682,100,29.0
25,17705,60,23.0
35,17705,60,23.0
47,17705,60,23.0
12,17728,94,23.0
61,17728,94,23.0
51,17752,74,23.5
63,17752,74,23.5
49,17775,98,23.5
61,17775,98,23.5
52,17797,61,22.25
80,17797,61,22.25
44,17820,63,22.25
47,17820,63,22.25
49,17820,63,22.25
54,17820,63,22.25
32,17842,48,22.25
42,17842,48,22.25
10,17864,81,22.25
17,17864,81,22.25
50,17864,81,22.25
77,17864,81,22.25
10,17887,74,23.0
48,17887,74,23.0
50,17887,74,23.0
10,17910,83,23.0
50,17910,83,23.0
61,17910,83,23.0
63,17910,83,23.0
73,17910,83,23.0
42,17995,50,26.0
44,17995,50,26.0
56,17995,50,26.0
12,18047,68,26.0
44,18047,68,26.0
10,18070,110,23.0
16,18106,70,36.0
34,18106,70,36.0
61,18106,70,36.0
73,18106,70,36.0
42,18136,53,30.0
49,18136,53,30.0
61,18136,53,30.0
34,18166,104,30.0
49,18192,65,26.0
73,18192,65,26.0
77,18192,65,26.0
80,18192,65,26.0
83,18192,65,26.0
61,18218,92,26.0
62,18218,92,26.0
63,18218,92,26.0
77,18218,92,26.0
17,18236,61,18.5
51,18236,61,18.5
70,18236,61,18.5
85,18236,61,18.5
32,18255,80,18.5
62,18255,80,18.5
63,18255,80,18.5
67,18255,80,18.5
10,18282,68,27.0
10,18309,81,27.0
32,18309,81,27.0
49,18309,81,27.0
63,18328,74,19.0
14,18388,75,26.0
52,18388,75,26.0
62,18388,75,26.0
63,18388,75,26.0
75,18388,75,26.0
10,18414,88,26.0
14,18414,88,26.0
47,18414,88,26.0
54,18414,88,26.0
16,18440,75,25.5
52,18440,75,25.5
64,18440,75,25.5
71,18440,75,25.5
10,18465,103,25.5
61,18465,103,25.5
62,18465,103,25.5
12,18486,63,20.5
51,18486,63,20.5
70,18486,63,20.5
12,18506,77,20.5
14,18506,77,20.5
32,18506,77,20.5
47,18506,77,20.5
59,18506,77,20.5
32,18524,74,18.5
58,18524,74,18.5
65,18524,74,18.5
70,18524,74,18.5
59,18543,88,18.5
60,18559,103,16.0
10,18591,64,32.0
12,18591,64,32.0
14,18591,64,32.0
25,18591,64,32.0
32,18591,64,32.0
46,18591,64,32.0
32,18614,65,23.0
49,18614,65,23.0
14,18637,81,23.0
32,18637,81,23.0
47,18637,81,23.0
10,18662,77,24.66666666666788
12,18662,77,24.66666666666788
47,18662,77,24.66666666666788
66,18662,77,24.66666666666788
10,18686,69,24.66666666666788
34,18686,69,24.66666666666788
60,18686,69,24.66666666666788
72,18686,69,24.66666666666788
82,18686,69,24.66666666666788
10,18711,94,24.66666666666424
19,18711,94,24.66666666666424
60,18711,94,24.66666666666424
61,18711,94,24.66666666666424
73,18711,94,24.66666666666424
10,18733,71,22.0
37,18733,71,22.0
49,18733,71,22.0
73,18733,71,22.0
61,18755,96,22.0
19,18782,65,27.0
34,18782,65,27.0
42,18782,65,27.0
46,18782,65,27.0
61,18782,65,27.0
73,18782,65,27.0
68,18809,75,27.0
10,18836,88,27.0
16,18836,88,27.0
61,18836,88,27.0
68,18836,88,27.0
73,18836,88,27.0
12,18852,113,16.0
17,18852,113,16.0
73,18852,113,16.0
10,18878,68,25.5
66,18878,68,25.5
71,18878,68,25.5
10,18903,83,25.5
12,18903,83,25.5
71,18903,83,25.5
35,18978,36,26.5
10,19004,78,26.5
42,19004,78,26.5
10,19052,115,24.0
35,19052,115,24.0
63,19052,115,24.0
14,19081,99,29.0
49,19081,99,29.0
52,19081,99,29.0
10,19122,106,24.0
12,19122,106,24.0
42,19148,107,26.0
17,19213,79,17.0
47,19213,79,17.0
54,19213,79,17.0
59,19213,79,17.0
71,19213,79,17.0
44,19228,87,15.0
56,19228,87,15.0
10,19249,100,21.0
12,19249,100,21.0
57,19249,100,21.0
58,19249,100,21.0
61,19249,100,21.0
65,19249,100,21.0
12,19266,86,17.0
14,19266,86,17.0
62,19266,86,17.0
66,19266,86,17.0
74,19266,86,17.0
10,19295,107,29.0
12,19295,107,29.0
14,19319,77,24.0
63,19319,77,24.0
71,19319,77,24.0
66,19343,106,24.0
67,19343,106,24.0
44,19368,74,25.5
66,19368,74,25.5
56,19394,91,25.5
58,19418,59,24.0
17,19442,99,24.0
59,19442,99,24.0
63,19442,99,24.0
19,19466,69,24.5
59,19466,69,24.5
61,19466,69,24.5
62,19466,69,24.5
19,19491,104,24.5
61,19491,104,24.5
10,19565,76,27.0
44,19565,76,27.0
12,19592,87,27.0
14,19592,87,27.0
49,19592,87,27.0
17,19621,88,29.0
19,19621,88,29.0
37,19621,88,29.0
10,19640,113,19.0
56,19640,113,19.0
46,19662,74,22.0
49,19662,74,22.0
56,19684,98,22.0
73,19684,98,22.0
14,19710,89,26.0
16,19710,89,26.0
34,19710,89,26.0
57,19710,89,26.0
61,19710,89,26.0
64,19710,89,26.0
56,19736,105,26.0
46,19760,60,23.5
49,19760,60,23.5
61,19760,60,23.5
10,19783,83,23.5
21,19783,83,23.5
42,19783,83,23.5
48,19783,83,23.5
42,19809,70,26.0
49,19809,70,26.0
56,19809,70,26.0
60,19809,70,26.0
64,19809,70,26.0
61,19835,107,26.0
10,19866,107,31.0
61,19866,107,31.0
32,19883,100,17.0
61,19928,95,22.5
10,19961,90,33.0
44,19961,90,33.0
56,19961,90,33.0
12,19986,97,25.0
32,20009,69,23.0
46,20009,69,23.0
57,20009,69,23.0
10,20032,98,23.0
12,20032,98,23.0
37,20032,98,23.0
46,20032,98,23.0
58,20032,98,23.0
59,20032,98,23.0
77,20032,98,23.0
32,20059,82,27.0
47,20059,82,27.0
66,20059,82,27.0
10,20080,91,21.0
12,20080,91,21.0
14,20080,91,21.0
66,20080,91,21.0
32,20110,74,30.0
75,20110,74,30.0
58,20130,111,20.0
65,20130,111,20.0
59,20148,75,18.0
66,20148,75,18.0
17,20178,92,15.0
19,20178,92,15.0
78,20178,92,15.0
32,20204,85,26.0
56,20204,85,26.0
17,20230,108,26.0
19,20230,108,26.0
61,20230,108,26.0
50,20261,101,31.0
62,20261,101,31.0
19,20276,102,15.0
34,20276,102,15.0
42,20276,102,15.0
61,20276,102,15.0
59,20325,107,15.0
78,20325,107,15.0
34,20359,99,34.0
49,20359,99,34.0
12,20376,102,17.0
14,20376,102,17.0
10,20437,77,29.0
12,20437,77,29.0
17,20437,77,29.0
10,20472,104,35.0
19,20472,104,35.0
42,20472,104,35.0
54,20472,104,35.0
56,20472,104,35.0
61,20472,104,35.0
12,20504,82,32.0
42,20522,101,18.0
61,20522,101,18.0
47,20550,74,28.0
54,20550,74,28.0
42,20571,83,21.0
46,20571,83,21.0
61,20571,83,21.0
10,20601,83,30.0
55,20601,83,30.0
35,20621,91,20.0
12,20683,75,15.0
42,20717,110,34.0
54,20717,110,34.0
12,20768,112,21.0
14,20768,112,21.0
17,20798,100,30.0
19,20798,100,30.0
10,20822,106,24.0
12,20822,106,24.0
44,20822,106,24.0
62,20822,106,24.0
14,20839,83,17.0
51,20839,83,17.0
54,20839,83,17.0
62,20839,83,17.0
63,20839,83,17.0
10,20864,99,25.0
12,20864,99,25.0
14,20864,99,25.0
32,20864,99,25.0
35,20864,99,25.0
63,20864,99,25.0
14,20888,73,24.5
54,20888,73,24.5
63,20888,73,24.5
44,20913,102,24.5
63,20913,102,24.5
50,20930,76,17.0
55,20930,76,17.0
62,20930,76,17.0
63,20930,76,17.0
44,20964,82,34.0
50,20964,82,34.0
52,20964,82,34.0
54,20964,82,34.0
56,20964,82,34.0
62,20964,82,34.0
50,20991,74,27.0
62,20991,74,27.0
10,21011,95,20.0
17,21011,95,20.0
19,21011,95,20.0
51,21011,95,20.0
63,21011,95,20.0
49,21030,74,19.0
54,21030,74,19.0
52,21049,80,19.0
17,21074,72,25.0
19,21074,72,25.0
52,21109,106,35.0
47,21134,64,25.0
10,21159,103,25.0
14,21159,103,25.0
49,21159,103,25.0
60,21159,103,25.0
61,21159,103,25.0
17,21185,79,26.0
19,21185,79,26.0
44,21185,79,26.0
52,21185,79,26.0
10,21211,104,26.0
54,21211,104,26.0
60,21211,104,26.0
72,21211,104,26.0
14,21227,91,16.0
16,21227,91,16.0
61,21227,91,16.0
73,21227,91,16.0
34,21258,104,31.0
60,21258,104,31.0
61,21258,104,31.0
73,21258,104,31.0
34,21276,83,18.0
49,21276,83,18.0
54,21276,83,18.0
61,21276,83,18.0
68,21276,83,18.0
32,21305,106,29.0
52,21305,106,29.0
61,21305,106,29.0
49,21339,97,34.0
54,21339,97,34.0
80,21339,97,34.0
12,21356,97,17.0
14,21356,97,17.0
16,21356,97,17.0
54,21356,97,17.0
51,21380,74,23.5
63,21380,74,23.5
10,21403,90,23.5
52,21403,90,23.5
54,21436,107,33.0
47,21477,76,26.0
47,21503,111,26.0
54,21503,111,26.0
61,21503,111,26.0
10,21528,68,25.5
35,21528,68,25.5
44,21528,68,25.5
12,21554,97,25.5
14,21554,97,25.5
47,21554,97,25.5
59,21554,97,25.5
10,21595,87,20.5
12,21595,87,20.5
10,21623,68,28.0
12,21651,96,28.0
14,21651,96,28.0
32,21651,96,28.0
47,21651,96,28.0
75,21651,96,28.0
59,21674,70,23.5
44,21722,67,24.5
63,21722,67,24.5
19,21747,108,24.5
51,21747,108,24.5
47,21772,69,24.5
59,21772,69,24.5
10,21796,95,24.5
17,21796,95,24.5
19,21796,95,24.5
32,21796,95,24.5
56,21830,105,34.0
63,21830,105,34.0
17,21846,102,16.0
19,21846,102,16.0
30,21879,96,33.0
49,21879,96,33.0
61,21879,96,33.0
63,21928,101,34.0
12,21944,99,16.0
14,21944,99,16.0
52,21944,99,16.0
63,21944,99,16.0
64,21944,99,16.0
17,21976,91,32.0
19,21976,91,32.0
50,21976,91,32.0
52,21976,91,32.0
10,21993,100,17.0
12,21993,100,17.0
51,21993,100,17.0
12,22012,73,19.0
51,22012,73,19.0
63,22012,73,19.0
42,22041,94,29.0
12,22072,78,31.0
51,22072,78,31.0
42,22122,75,33.0
45,22122,75,33.0
50,22122,75,33.0
51,22122,75,33.0
82,22122,75,33.0
50,22141,85,19.0
52,22141,85,19.0
10,22171,86,30.0
12,22171,86,30.0
51,22171,86,30.0
14,22187,97,16.0
16,22187,97,16.0
19,22212,78,25.0
35,22212,78,25.0
63,22212,78,25.0
29,22270,91,33.0
31,22317,100,31.0
32,22317,100,31.0
35,22317,100,31.0
47,22317,100,31.0
12,22335,111,18.0
17,22366,93,31.0
32,22366,93,31.0
31,22395,68,29.0
32,22395,68,29.0
34,22395,68,29.0
35,22395,68,29.0
47,22395,68,29.0
47,22419,59,24.444444444445253
35,22468,61,24.444444444445253
47,22468,61,24.444444444445253
34,22493,49,24.444444444445253
35,22493,49,24.444444444445253
36,22493,49,24.444444444445253
35,22517,37,24.444444444445253
36,22517,37,24.444444444445253
35,22566,67,24.444444444445253
42,22566,67,24.444444444445253
54,22566,67,24.444444444445253
30,22591,35,24.444444444445253
35,22615,75,24.444444444437977
54,22615,75,24.444444444437977
34,22641,69,25.875
53,22641,69,25.875
47,22667,69,25.875
53,22667,69,25.875
35,22693,50,25.875
35,22718,56,25.875
44,22718,56,25.875
68,22770,58,25.875
34,22796,62,25.875
46,22796,62,25.875
53,22796,62,25.875
32,22822,70,25.875
60,22822,70,25.875
34,22848,59,25.5
42,22848,59,25.5
52,22848,59,25.5
46,22873,77,25.5
53,22873,77,25.5
62,22873,77,25.5
34,22900,63,27.0
29,22922,58,22.0
30,22922,58,22.0
31,22922,58,22.0
42,22922,58,22.0
51,22946,42,24.33333333333212
56,22946,42,24.33333333333212
60,22946,42,24.33333333333212
31,22971,60,24.33333333333212
32,22971,60,24.33333333333212
34,22971,60,24.33333333333212
44,22971,60,24.33333333333212
46,22971,60,24.33333333333212
52,22971,60,24.33333333333212
53,22971,60,24.33333333333212
58,22971,60,24.33333333333212
32,22995,61,24.33333333333212
35,23019,70,24.33333333333212
54,23019,70,24.33333333333212
56,23044,58,24.33333333333212
31,23093,59,24.625
32,23093,59,24.625
37,23093,59,24.625
53,23093,59,24.625
60,23093,59,24.625
34,23117,61,24.625
38,23117,61,24.625
34,23142,60,24.625
31,23166,63,24.625
47,23166,63,24.625
35,23191,60,24.625
54,23191,60,24.625
32,23216,56,24.625
47,23216,56,24.625
32,23240,55,24.625
35,23240,55,24.625
47,23240,55,24.625
54,23265,71,24.625
69,23265,71,24.625
35,23293,53,28.0
47,23293,53,28.0
35,23318,70,25.0909090909081
54,23318,70,25.0909090909081
32,23343,46,25.0909090909081
38,23343,46,25.0909090909081
39,23343,46,25.0909090909081
37,23393,51,25.0909090909081
38,23393,51,25.0909090909081
49,23393,51,25.0909090909081
56,23393,51,25.0909090909081
36,23469,68,25.0909090909081
71,23469,68,25.0909090909081
59,23494,56,25.0909090909081
36,23519,58,25.0909090909081
48,23519,58,25.0909090909081
49,23519,58,25.0909090909081
56,23519,58,25.0909090909081
37,23544,53,25.0909090909081
53,23544,53,25.0909090909081
34,23569,59,25.090909090919013
53,23591,57,22.0
46,23631,59,25.0
29,23706,46,25.0
31,23706,46,25.0
31,23731,39,25.0
23,23756,56,25.0
31,23756,56,25.0
63,23756,56,25.0
46,23781,47,25.0
42,23806,67,25.0
46,23806,67,25.0
10,23888,85,32.0
12,23888,85,32.0
14,23888,85,32.0
31,23930,78,25.0
50,23930,78,25.0
10,23954,115,24.0
12,23954,115,24.0
12,23979,86,25.0
14,23979,86,25.0
32,23979,86,25.0
38,23979,86,25.0
54,23979,86,25.0
65,23979,86,25.0
10,24004,105,25.0
12,24004,105,25.0
58,24034,85,30.0
57,24051,106,17.0
38,24076,76,25.0
59,24076,76,25.0
72,24076,76,25.0
38,24101,82,25.0
40,24101,82,25.0
44,24101,82,25.0
49,24101,82,25.0
52,24101,82,25.0
54,24101,82,25.0
56,24101,82,25.0
59,24101,82,25.0
64,24101,82,25.0
38,24126,67,24.5
55,24126,67,24.5
56,24126,67,24.5
17,24150,91,24.5
19,24150,91,24.5
38,24150,91,24.5
39,24174,71,24.5
52,24174,71,24.5
54,24174,71,24.5
37,24199,96,24.5
17,24224,63,24.5
19,24224,63,24.5
47,24224,63,24.5
54,24224,63,24.5
14,24277,85,29.0
37,24277,85,29.0
49,24277,85,29.0
10,24298,94,21.0
12,24298,94,21.0
37,24298,94,21.0
52,24298,94,21.0
71,24298,94,21.0
10,24323,67,25.0
17,24323,67,25.0
19,24323,67,25.0
10,24348,98,25.0
12,24348,98,25.0
14,24348,98,25.0
17,24348,98,25.0
36,24348,98,25.0
37,24348,98,25.0
55,24348,98,25.0
10,24372,75,24.0
16,24372,75,24.0
51,24372,75,24.0
56,24396,94,24.0
34,24420,73,24.5
37,24420,73,24.5
56,24420,73,24.5
32,24445,104,24.5
37,24445,104,24.5
49,24445,104,24.5
12,24495,91,25.0
14,24495,91,25.0
16,24519,62,24.0
56,24519,62,24.0
60,24519,62,24.0
10,24543,102,24.0
49,24543,102,24.0
53,24574,98,31.0
58,24574,98,31.0
32,24641,102,24.5
47,24641,102,24.5
10,24673,100,32.0
12,24689,92,16.0
14,24689,92,16.0
10,24715,60,26.0
10,24741,104,26.0
12,24741,104,26.0
39,24741,104,26.0
32,24764,80,23.5
54,24764,80,23.5
58,24764,80,23.5
10,24788,94,23.5
12,24788,94,23.5
14,24788,94,23.5
32,24788,94,23.5
32,24836,105,24.0
47,24836,105,24.0
47,24860,65,24.0
19,24884,88,24.0
49,24884,88,24.0
54,24884,88,24.0
58,24884,88,24.0
35,24919,88,35.0
54,24919,88,35.0
17,24936,94,17.0
19,24936,94,17.0
19,24983,102,20.0
56,25008,61,25.0
54,25033,110,25.0
58,25033,110,25.0
46,25064,95,31.0
52,25064,95,31.0
10,25082,93,18.0
12,25082,93,18.0
14,25082,93,18.0
49,25082,93,18.0
49,25106,75,24.5
52,25106,75,24.5
54,25106,75,24.5
56,25106,75,24.5
10,25131,103,24.5
12,25131,103,24.5
51,25131,103,24.5
10,25162,89,31.0
12,25162,89,31.0
63,25162,89,31.0
51,25186,73,24.142857142858702
63,25186,73,24.142857142858702
35,25210,72,24.142857142858702
51,25210,72,24.142857142858702
54,25210,72,24.142857142858702
51,25234,72,24.142857142858702
47,25259,73,24.142857142858702
63,25259,73,24.142857142858702
36,25331,79,24.142857142858702
10,25379,67,24.142857142858702
10,25403,54,24.142857142858702
34,25403,54,24.142857142858702
12,25428,54,24.142857142858702
10,25452,80,24.142857142858702
12,25452,80,24.142857142858702
14,25452,80,24.142857142858702
16,25452,80,24.142857142858702
47,25452,80,24.142857142858702
10,25476,74,24.142857142858702
16,25476,74,24.142857142858702
10,25522,93,22.0
12,25522,93,22.0
14,25522,93,22.0
51,25522,93,22.0
63,25542,82,20.0
14,25562,86,20.0
16,25562,86,20.0
17,25562,86,20.0
12,25588,52,26.0
14,25588,52,26.0
10,25614,90,26.0
12,25614,90,26.0
20,25614,90,26.0
46,25614,90,26.0
57,25614,90,26.0
58,25614,90,26.0
47,25636,73,22.5
59,25636,73,22.5
14,25659,88,22.5
16,25659,88,22.5
17,25659,88,22.5
16,25691,83,32.0
17,25691,83,32.0
19,25691,83,32.0
59,25691,83,32.0
10,25706,83,15.0
12,25706,83,15.0
58,25706,83,15.0
65,25706,83,15.0
59,25730,77,24.5
10,25755,89,24.5
17,25755,89,24.5
19,25755,89,24.5
12,25778,58,23.0
54,25778,58,23.0
10,25801,102,23.0
32,25801,102,23.0
12,25837,97,36.0
49,25837,97,36.0
52,25837,97,36.0
12,25852,105,15.0
14,25852,105,15.0
16,25852,105,15.0
51,25852,105,15.0
51,25883,87,31.0
54,25883,87,31.0
10,25904,89,20.66666666666788
14,25904,89,20.66666666666788
16,25904,89,20.66666666666788
37,25904,89,20.66666666666788
12,25945,85,20.66666666666424
14,25945,85,20.66666666666424
16,25945,85,20.66666666666424
17,25945,85,20.66666666666424
35,25945,85,20.66666666666424
10,25998,109,26.5
17,25998,109,26.5
51,26028,85,30.0
52,26028,85,30.0
54,26028,85,30.0
51,26077,91,34.0
57,26107,74,30.0
64,26107,74,30.0
12,26137,102,30.0
10,26182,100,22.5
12,26182,100,22.5
16,26182,100,22.5
14,26208,77,25.5
35,26208,77,25.5
14,26233,104,25.5
16,26233,104,25.5
14,26256,89,22.5
10,26278,97,22.5
12,26278,97,22.5
14,26278,97,22.5
12,26303,87,25.0
35,26303,87,25.0
56,26303,87,25.0
14,26328,95,25.0
16,26328,95,25.0
17,26328,95,25.0
14,26352,74,24.0
10,26376,70,24.0
12,26376,70,24.0
20,26376,70,24.0
16,26400,73,24.0
31,26400,73,24.0
19,26424,100,24.0
17,26456,86,32.0
19,26456,86,32.0
32,26456,86,32.0
10,26478,76,21.66666666666788
12,26478,76,21.66666666666788
17,26478,76,21.66666666666788
19,26478,76,21.66666666666788
17,26499,66,21.66666666666788
10,26521,91,21.66666666666424
17,26521,91,21.66666666666424
19,26521,91,21.66666666666424
38,26561,90,20.0
47,26601,85,20.0
52,26601,85,20.0
12,26617,99,16.0
54,26617,99,16.0
51,26650,82,33.0
10,26667,102,17.0
12,26667,102,17.0
54,26667,102,17.0
10,26695,94,28.0
12,26695,94,28.0
51,26695,94,28.0
14,26710,96,15.0
16,26710,96,15.0
44,26710,96,15.0
56,26710,96,15.0
10,26735,79,25.0
12,26735,79,25.0
51,26735,79,25.0
63,26735,79,25.0
17,26760,110,25.0
19,26760,110,25.0
55,26760,110,25.0
51,26789,83,29.0
56,26789,83,29.0
10,26806,90,17.0
14,26806,90,17.0
16,26806,90,17.0
51,26806,90,17.0
56,26806,90,17.0
63,26806,90,17.0
10,26839,95,33.0
56,26839,95,33.0
10,26854,91,15.0
54,26854,91,15.0
12,26871,89,17.0
10,26886,90,15.0
12,26886,90,15.0
54,26886,90,15.0
10,26902,86,16.0
12,26902,86,16.0
14,26902,86,16.0
16,26902,86,16.0
10,26934,86,32.0
12,26934,86,32.0
54,26934,86,32.0
16,26950,88,16.0
17,26950,88,16.0
19,26950,88,16.0
42,26950,88,16.0
10,26999,78,24.5
12,26999,78,24.5
53,26999,78,24.5
56,27023,75,24.0
12,27047,77,24.0
14,27047,77,24.0
41,27047,77,24.0
10,27071,61,24.16666666666788
14,27071,61,24.16666666666788
66,27071,61,24.16666666666788
12,27095,68,24.16666666666788
14,27095,68,24.16666666666788
16,27095,68,24.16666666666788
17,27095,68,24.16666666666788
54,27095,68,24.16666666666788
61,27095,68,24.16666666666788
19,27120,53,24.16666666666788
66,27120,53,24.16666666666788
16,27144,65,24.16666666666788
17,27144,65,24.16666666666788
20,27144,65,24.16666666666788
32,27144,65,24.16666666666788
16,27192,89,24.166666666660603
17,27192,89,24.166666666660603
19,27192,89,24.166666666660603
34,27192,89,24.166666666660603
46,27192,89,24.166666666660603
59,27192,89,24.166666666660603
14,27243,78,35.0
17,27243,78,35.0
19,27243,78,35.0
34,27243,78,35.0
35,27243,78,35.0
47,27243,78,35.0
16,27264,74,20.5
44,27264,74,20.5
56,27264,74,20.5
59,27264,74,20.5
10,27284,79,20.5
17,27284,79,20.5
19,27284,79,20.5
32,27284,79,20.5
31,27303,62,19.0
32,27303,62,19.0
56,27303,62,19.0
38,27322,92,19.0
51,27322,92,19.0
12,27352,70,30.0
14,27352,70,30.0
38,27352,70,30.0
63,27352,70,30.0
12,27382,92,30.0
14,27382,92,30.0
16,27382,92,30.0
49,27382,92,30.0
51,27382,92,30.0
58,27382,92,30.0
61,27382,92,30.0
16,27407,74,25.0
37,27407,74,25.0
49,27407,74,25.0
61,27407,74,25.0
10,27432,110,25.0
12,27432,110,25.0
14,27432,110,25.0
16,27432,110,25.0
49,27432,110,25.0
10,27459,106,27.0
60,27459,106,27.0
61,27459,106,27.0
17,27475,90,16.0
19,27475,90,16.0
37,27475,90,16.0
56,27475,90,16.0
61,27475,90,16.0
10,27500,75,25.5
12,27500,75,25.5
17,27500,75,25.5
61,27500,75,25.5
68,27500,75,25.5
61,27526,109,25.5
68,27526,109,25.5
37,27550,75,23.5
49,27550,75,23.5
56,27550,75,23.5
61,27550,75,23.5
63,27550,75,23.5
10,27573,93,23.5
12,27573,93,23.5
56,27573,93,23.5
58,27573,93,23.5
62,27573,93,23.5
10,27605,104,32.0
60,27605,104,32.0
60,27636,92,16.0
67,27636,92,16.0
20,27671,100,35.0
61,27671,100,35.0
73,27671,100,35.0
58,27690,83,19.5
61,27690,83,19.5
14,27710,90,19.5
16,27710,90,19.5
62,27710,90,19.5
10,27745,95,35.0
12,27745,95,35.0
12,27764,88,19.0
14,27764,88,19.0
16,27764,88,19.0
10,27817,116,35.0
14,27817,116,35.0
62,27817,116,35.0
10,27840,96,23.0
63,27840,96,23.0
14,27860,103,20.0
16,27860,103,20.0
17,27860,103,20.0
12,27878,88,18.0
32,27909,114,31.0
10,27956,113,23.5
19,27956,113,23.5
63,27956,113,23.5
10,27988,108,32.0
17,27988,108,32.0
19,27988,108,32.0
66,27988,108,32.0
14,28003,88,15.0
17,28003,88,15.0
54,28003,88,15.0
10,28038,101,35.0
17,28038,101,35.0
56,28038,101,35.0
10,28060,81,22.5
43,28060,81,22.5
44,28060,81,22.5
10,28083,112,22.5
62,28083,112,22.5
10,28100,106,17.0
12,28100,106,17.0
63,28100,106,17.0
10,28123,86,23.0
10,28146,92,23.0
12,28146,92,23.0
61,28146,92,23.0
73,28146,92,23.0
56,28178,87,32.0
61,28178,87,32.0
73,28178,87,32.0
10,28196,109,18.0
10,28226,93,30.0
12,28226,93,30.0
59,28226,93,30.0
66,28226,93,30.0
10,28241,93,15.0
14,28241,93,15.0
16,28241,93,15.0
47,28241,93,15.0
10,28266,79,25.0
12,28266,79,25.0
66,28266,79,25.0
71,28266,79,25.0
17,28291,107,25.0
19,28291,107,25.0
59,28315,83,24.0
14,28339,103,24.0
16,28339,103,24.0
10,28366,103,27.0
10,28386,92,20.0
12,28386,92,20.0
66,28386,92,20.0
71,28386,92,20.0
46,28402,82,16.0
59,28402,82,16.0
61,28402,82,16.0
62,28402,82,16.0
65,28402,82,16.0
66,28402,82,16.0
71,28402,82,16.0
57,28424,74,21.75
