0.007643750000000007,24.59
53,762,24,22.75
60,830,27,22.75
60,852,26,22.75
53,875,26,22.75
57,898,28,22.75
48,966,29,22.75
62,989,30,22.75
60,1012,30,22.75
60,1057,33,22.75
57,1103,30,22.75
59,1126,30,22.75
53,1148,30,22.75
57,1148,30,22.75
55,1171,28,22.75
55,1239,28,22.75
57,1239,28,22.75
48,1262,28,22.75
41,1285,30,22.75
53,1330,31,22.75
57,1330,31,22.75
59,1330,31,22.75
65,1376,34,22.75
60,1398,35,22.75
60,1444,35,22.75
57,1467,32,22.75
65,1467,32,22.75
53,1490,33,22.75
48,1535,34,22.75
62,1535,34,22.75
41,1558,36,22.75
60,1580,37,22.75
53,1603,39,22.75
60,1626,42,22.75
41,1672,42,22.75
57,1672,42,22.75
59,1694,38,22.75
71,1694,38,22.75
41,1717,41,22.75
55,1717,41,22.75
57,1717,41,22.75
53,1740,45,22.75
29,1762,51,22.75
41,1762,51,22.75
41,1785,50,22.75
48,1785,50,22.75
55,1808,55,22.75
57,1808,55,22.75
36,1831,52,22.75
47,1831,52,22.75
41,1854,69,22.75
29,1899,55,22.75
41,1899,55,22.75
53,1899,55,22.75
57,1922,53,22.75
41,1967,52,22.75
60,1967,52,22.75
41,1990,49,22.75
60,1990,49,22.75
57,2013,47,22.75
41,2036,56,22.75
59,2036,56,22.75
45,2058,64,22.75
47,2058,64,22.75
29,2081,70,22.75
41,2081,70,22.75
48,2081,70,22.75
60,2081,70,22.75
50,2101,73,20.0
62,2101,73,20.0
47,2124,76,23.0
53,2124,76,23.0
41,2148,54,24.0
59,2148,54,24.0
41,2196,52,24.0
60,2196,52,24.0
41,2220,48,24.0
53,2220,48,24.0
45,2244,52,24.0
57,2244,52,24.0
41,2268,69,24.0
53,2268,69,24.0
57,2268,69,24.0
64,2292,51,24.0
52,2316,60,24.0
55,2316,60,24.0
53,2340,56,24.0
64,2340,56,24.0
41,2364,56,24.0
52,2364,56,24.0
62,2364,56,24.0
36,2388,60,24.0
41,2388,60,24.0
50,2388,60,24.0
64,2412,78,24.0
57,2486,54,24.636363636363512
41,2511,55,24.636363636363512
50,2535,58,24.636363636363512
52,2535,58,24.636363636363512
62,2535,58,24.636363636363512
64,2535,58,24.636363636363512
41,2560,62,24.636363636363512
60,2584,53,24.636363636363512
29,2609,49,24.636363636363512
41,2609,49,24.636363636363512
41,2634,46,24.636363636363512
48,2634,46,24.636363636363512
57,2634,46,24.636363636363512
36,2658,45,24.636363636363512
62,2683,46,24.636363636363512
41,2708,46,24.636363636363512
50,2708,46,24.636363636363512
53,2708,46,24.636363636363512
60,2708,46,24.636363636363512
62,2732,47,24.636363636363512
41,2757,52,24.636363636363512
48,2757,52,24.636363636363512
52,2757,52,24.636363636363512
41,2782,55,24.636363636363512
57,2782,55,24.636363636363512
64,2782,55,24.636363636363512
29,2831,65,24.636363636363512
55,2831,65,24.636363636363512
41,2855,57,24.636363636363512
50,2855,57,24.636363636363512
57,2855,57,24.636363636363512
41,2880,64,24.636363636363512
62,2880,64,24.636363636363512
53,2905,59,24.636363636363512
41,2929,54,24.636363636363512
55,2929,54,24.636363636363512
48,2954,67,24.63636363636624
60,2954,67,24.63636363636624
46,2978,50,24.416666666666515
43,3003,58,24.416666666666515
51,3003,58,24.416666666666515
58,3003,58,24.416666666666515
39,3052,43,24.416666666666515
55,3052,43,24.416666666666515
46,3125,40,24.416666666666515
58,3149,41,24.416666666666515
43,3198,55,24.416666666666515
45,3198,55,24.416666666666515
55,3198,55,24.416666666666515
57,3198,55,24.416666666666515
39,3223,64,24.416666666666515
46,3223,64,24.416666666666515
48,3247,63,24.416666666668334
57,3247,63,24.416666666668334
60,3247,63,24.416666666668334
45,3272,70,24.595238095238074
51,3321,51,24.595238095238074
57,3321,51,24.595238095238074
58,3345,49,24.595238095238074
43,3370,67,24.595238095238074
55,3370,67,24.595238095238074
39,3395,52,24.595238095238074
43,3419,48,24.595238095238074
53,3419,48,24.595238095238074
46,3444,47,24.595238095238074
51,3468,48,24.595238095238074
50,3493,49,24.595238095238074
53,3493,49,24.595238095238074
43,3542,54,24.595238095238074
46,3542,54,24.595238095238074
55,3542,54,24.595238095238074
43,3591,51,24.595238095238074
43,3616,52,24.595238095238074
51,3616,52,24.595238095238074
43,3641,47,24.595238095238074
31,3665,46,24.595238095238074
53,3665,46,24.595238095238074
43,3690,53,24.595238095238074
39,3714,65,24.595238095238074
43,3714,65,24.595238095238074
43,3739,51,24.595238095238074
31,3763,53,24.595238095238074
46,3763,53,24.595238095238074
51,3788,48,24.595238095238074
55,3788,48,24.595238095238074
60,3837,45,24.595238095238074
45,3862,47,24.595238095238074
58,3886,44,24.595238095238074
45,3911,48,24.595238095238074
58,3911,48,24.595238095238074
45,3960,48,24.595238095238074
46,3960,48,24.595238095238074
55,3960,48,24.595238095238074
55,4009,53,24.595238095238074
46,4034,58,24.595238095238074
51,4034,58,24.595238095238074
53,4034,58,24.595238095238074
36,4059,55,24.595238095238074
48,4083,64,24.595238095238074
53,4083,64,24.595238095238074
55,4083,64,24.595238095238074
37,4132,50,24.59523809523853
44,4132,50,24.59523809523853
53,4132,50,24.59523809523853
49,4157,63,24.59523809523853
37,4182,58,24.59523809523853
49,4206,65,24.59523809523853
53,4206,65,24.59523809523853
56,4206,65,24.59523809523853
44,4231,63,24.59523809523853
53,4231,63,24.59523809523853
61,4231,63,24.59523809523853
56,4255,68,24.59523809523853
65,4255,68,24.59523809523853
68,4255,68,24.59523809523853
44,4280,67,24.5952380952358
61,4280,67,24.5952380952358
56,4305,62,25.444444444444343
65,4305,62,25.444444444444343
53,4331,63,25.444444444444343
61,4331,63,25.444444444444343
44,4356,59,25.444444444444343
49,4356,59,25.444444444444343
56,4356,59,25.444444444444343
53,4382,56,25.444444444444343
49,4407,53,25.444444444444343
36,4433,63,25.444444444444343
48,4433,63,25.444444444444343
40,4458,57,25.444444444444343
52,4458,57,25.444444444444343
55,4458,57,25.444444444444343
40,4484,67,25.444444444444343
48,4484,67,25.444444444444343
43,4509,74,25.444444444445253
52,4509,74,25.444444444445253
60,4509,74,25.444444444445253
40,4534,71,25.0
43,4534,71,25.0
55,4534,71,25.0
64,4534,71,25.0
40,4559,76,25.0
50,4559,76,25.0
60,4559,76,25.0
64,4559,76,25.0
43,4585,63,26.0
52,4585,63,26.0
55,4585,63,26.0
40,4611,61,26.0
60,4611,61,26.0
48,4637,55,26.0
55,4637,55,26.0
60,4637,55,26.0
43,4663,55,26.0
52,4663,55,26.0
31,4689,54,26.0
48,4689,54,26.0
71,4715,82,26.0
36,4739,64,24.0
43,4739,64,24.0
45,4739,64,24.0
36,4763,56,24.0
29,4787,55,24.0
48,4787,55,24.0
36,4835,59,24.0
45,4835,59,24.0
53,4835,59,24.0
41,4883,55,24.0
57,4883,55,24.0
36,4907,61,24.0
71,4931,74,24.0
45,4955,71,24.0
48,4955,71,24.0
60,4955,71,24.0
62,4976,78,21.0
74,4976,78,21.0
41,4999,83,23.0
71,4999,83,23.0
48,5024,62,25.079999999999927
41,5049,57,25.079999999999927
45,5049,57,25.079999999999927
48,5099,57,25.079999999999927
41,5124,55,25.079999999999927
57,5124,55,25.079999999999927
53,5149,67,25.079999999999927
41,5175,55,25.079999999999927
45,5175,55,25.079999999999927
64,5175,55,25.079999999999927
76,5200,63,25.079999999999927
36,5225,56,25.079999999999927
48,5225,56,25.079999999999927
62,5225,56,25.079999999999927
41,5250,59,25.079999999999927
74,5250,59,25.079999999999927
29,5275,58,25.079999999999927
41,5275,58,25.079999999999927
36,5300,63,25.079999999999927
48,5300,63,25.079999999999927
64,5300,63,25.079999999999927
41,5350,51,25.079999999999927
45,5375,52,25.079999999999927
48,5375,52,25.079999999999927
29,5400,52,25.079999999999927
36,5400,52,25.079999999999927
62,5400,52,25.079999999999927
74,5400,52,25.079999999999927
41,5425,56,25.079999999999927
64,5425,56,25.079999999999927
41,5476,49,25.079999999999927
41,5501,50,25.079999999999927
45,5501,50,25.079999999999927
53,5501,50,25.079999999999927
36,5526,51,25.079999999999927
48,5526,51,25.079999999999927
29,5551,48,25.079999999999927
36,5576,61,25.079999999999927
45,5576,61,25.079999999999927
62,5576,61,25.079999999999927
48,5601,64,25.079999999999927
41,5626,78,25.080000000001746
74,5626,78,25.080000000001746
45,5650,65,23.5
76,5650,65,23.5
36,5673,81,23.5
48,5673,81,23.5
64,5673,81,23.5
41,5718,83,22.5
53,5718,83,22.5
79,5718,83,22.5
53,5743,61,25.0
29,5768,72,25.0
62,5768,72,25.0
74,5768,72,25.0
41,5792,58,24.0
45,5792,58,24.0
60,5792,58,24.0
36,5816,60,24.0
48,5816,60,24.0
51,5867,87,27.0
58,5867,87,27.0
70,5867,87,27.0
39,5891,62,24.199999999999818
43,5915,57,24.199999999999818
46,5915,57,24.199999999999818
70,5915,57,24.199999999999818
39,5940,57,24.199999999999818
34,5964,54,24.199999999999818
43,5964,54,24.199999999999818
31,5988,52,24.199999999999818
43,5988,52,24.199999999999818
51,5988,52,24.199999999999818
58,5988,52,24.199999999999818
39,6012,52,24.199999999999818
46,6012,52,24.199999999999818
31,6036,52,24.199999999999818
43,6036,52,24.199999999999818
43,6061,55,24.199999999999818
55,6061,55,24.199999999999818
46,6085,67,24.199999999999818
57,6085,67,24.199999999999818
58,6085,67,24.199999999999818
70,6109,67,24.200000000001637
60,6132,72,23.0
38,6157,72,24.857142857143117
50,6157,72,24.857142857143117
57,6157,72,24.857142857143117
34,6182,59,24.857142857143117
46,6182,59,24.857142857143117
39,6231,53,24.857142857143117
43,6231,53,24.857142857143117
50,6231,53,24.857142857143117
46,6256,64,24.857142857143117
55,6256,64,24.857142857143117
43,6306,53,24.857142857143117
51,6306,53,24.857142857143117
31,6356,48,24.857142857143117
39,6381,49,24.857142857143117
43,6381,49,24.857142857143117
46,6381,49,24.857142857143117
65,6381,49,24.857142857143117
45,6405,50,24.857142857143117
50,6405,50,24.857142857143117
53,6405,50,24.857142857143117
55,6455,58,24.857142857143117
67,6480,55,24.857142857143117
34,6505,51,24.857142857143117
39,6505,51,24.857142857143117
43,6505,51,24.857142857143117
50,6505,51,24.857142857143117
55,6505,51,24.857142857143117
55,6530,52,24.857142857143117
46,6555,54,24.857142857143117
65,6555,54,24.857142857143117
39,6579,58,24.857142857143117
53,6579,58,24.857142857143117
55,6579,58,24.857142857143117
31,6654,51,24.857142857143117
43,6654,51,24.857142857143117
46,6654,51,24.857142857143117
43,6679,51,24.857142857143117
46,6679,51,24.857142857143117
50,6679,51,24.857142857143117
53,6679,51,24.857142857143117
31,6729,56,24.857142857143117
39,6729,56,24.857142857143117
43,6729,56,24.857142857143117
50,6729,56,24.857142857143117
34,6753,57,24.857142857143117
43,6753,57,24.857142857143117
31,6778,70,24.857142857143117
39,6778,70,24.857142857143117
46,6778,70,24.857142857143117
50,6778,70,24.857142857143117
55,6778,70,24.857142857143117
45,6803,76,24.857142857143117
31,6828,81,24.85714285713584
46,6828,81,24.85714285713584
50,6828,81,24.85714285713584
39,6852,69,24.272727272727025
43,6852,69,24.272727272727025
46,6852,69,24.272727272727025
31,6901,56,24.272727272727025
43,6925,55,24.272727272727025
50,6925,55,24.272727272727025
46,6949,51,24.272727272727025
55,6974,58,24.272727272727025
31,6998,49,24.272727272727025
67,6998,49,24.272727272727025
37,7046,61,24.272727272727025
44,7046,61,24.272727272727025
55,7046,61,24.272727272727025
67,7071,47,24.272727272727025
48,7095,62,24.272727272729753
56,7095,62,24.272727272729753
68,7095,62,24.272727272729753
53,7120,51,24.58823529411802
44,7144,66,24.58823529411802
53,7144,66,24.58823529411802
65,7144,66,24.58823529411802
41,7169,55,24.58823529411802
48,7169,55,24.58823529411802
53,7193,52,24.58823529411802
48,7218,49,24.58823529411802
44,7243,47,24.58823529411802
56,7243,47,24.58823529411802
65,7267,48,24.58823529411802
53,7292,42,24.58823529411802
35,7316,40,24.58823529411802
44,7316,40,24.58823529411802
65,7341,39,24.58823529411802
53,7365,46,24.58823529411802
42,7390,42,24.58823529411802
46,7390,42,24.58823529411802
66,7390,42,24.58823529411802
53,7415,51,24.58823529411802
54,7415,51,24.58823529411802
65,7415,51,24.58823529411802
63,7439,54,24.58823529411802
42,7464,55,24.58823529411802
58,7464,55,24.58823529411802
46,7488,49,24.58823529411802
46,7513,44,24.58823529411802
42,7538,42,24.58823529411802
58,7538,42,24.58823529411802
46,7562,43,24.58823529411802
39,7611,41,24.58823529411802
58,7611,41,24.58823529411802
42,7636,42,24.58823529411802
44,7661,45,24.58823529411802
63,7661,45,24.58823529411802
37,7710,42,24.58823529411802
32,7734,44,24.58823529411802
44,7734,44,24.58823529411802
61,7734,44,24.58823529411802
41,7759,45,24.58823529411802
49,7783,49,24.58823529411802
37,7808,48,24.58823529411802
49,7808,48,24.58823529411802
53,7808,48,24.58823529411802
37,7833,44,24.58823529411802
56,7833,44,24.58823529411802
44,7857,45,24.58823529411802
49,7857,45,24.58823529411802
41,7882,49,24.58823529411802
37,7906,46,24.58823529411802
44,7931,45,24.58823529411802
37,7956,45,24.58823529411802
32,8005,45,24.58823529411802
44,8005,45,24.58823529411802
37,8029,46,24.58823529411802
44,8029,46,24.58823529411802
53,8029,46,24.58823529411802
61,8079,44,24.58823529411802
44,8103,44,24.58823529411802
56,8103,44,24.58823529411802
37,8152,40,24.58823529411802
53,8152,40,24.58823529411802
61,8152,40,24.58823529411802
53,8177,43,24.58823529411802
56,8177,43,24.58823529411802
37,8201,40,24.588235294117112
44,8201,40,24.588235294117112
53,8201,40,24.588235294117112
53,8226,42,24.588235294117112
56,8226,42,24.588235294117112
37,8251,41,24.588235294117112
44,8251,41,24.588235294117112
53,8251,41,24.588235294117112
43,8300,45,24.588235294117112
41,8324,44,24.588235294117112
44,8349,45,24.588235294117112
37,8374,46,24.588235294117112
44,8374,46,24.588235294117112
46,8374,46,24.588235294117112
58,8374,46,24.588235294117112
56,8398,44,24.588235294117112
37,8447,36,24.588235294117112
53,8472,34,24.588235294117112
55,8497,37,24.588235294117112
43,8570,30,24.588235294117112
58,8570,30,24.588235294117112
62,8570,30,24.588235294117112
39,8669,37,24.588235294117112
51,8669,37,24.588235294117112
53,8742,30,24.588235294117112
49,8816,30,24.588235294117112
41,8841,32,24.588235294117112
67,8841,32,24.588235294117112
70,8865,31,24.588235294117112
68,8915,32,24.588235294117112
49,8939,42,24.588235294117112
68,8964,47,24.588235294117112
70,8988,36,24.588235294117112
37,9013,35,24.588235294117112
49,9013,35,24.588235294117112
65,9062,43,24.588235294117112
37,9136,30,24.588235294117112
49,9136,30,24.588235294117112
67,9160,35,24.588235294117112
49,9210,30,24.588235294117112
63,9234,30,24.588235294117112
37,9283,34,24.588235294117112
49,9283,34,24.588235294117112
65,9357,28,24.588235294117112
49,9382,34,24.588235294117112
71,9455,27,24.588235294117112
37,9480,26,24.588235294117112
49,9529,29,24.588235294117112
63,9554,27,24.588235294117112
49,9603,27,24.588235294117112
39,9972,23,24.588235294117112
51,10046,23,24.588235294117112
31,10070,32,24.588235294117112
43,10070,32,24.588235294117112
43,10119,31,24.588235294117112
53,10242,26,24.588235294117112
46,10291,34,24.588235294117112
36,10316,29,24.588235294117112
48,10341,44,24.588235294117112
36,10390,33,24.588235294117112
42,10390,33,24.588235294117112
37,10414,46,24.588235294117112
48,10414,46,24.588235294117112
42,10488,31,24.588235294117112
37,10513,37,24.588235294117112
49,10513,37,24.588235294117112
60,10537,32,24.588235294117112
36,10587,28,24.588235294117112
48,10611,32,24.588235294117112
53,10636,32,24.588235294117112
46,10660,33,24.588235294117112
39,10709,32,24.588235294117112
43,10709,32,24.588235294117112
51,10709,32,24.588235294117112
55,10709,32,24.588235294117112
58,10709,32,24.588235294117112
46,10734,45,24.588235294117112
43,10759,36,24.588235294117112
39,10832,29,24.588235294117112
51,10906,26,24.588235294117112
67,10906,26,24.588235294117112
58,10931,40,24.588235294117112
37,11029,35,24.588235294117112
44,11029,35,24.588235294117112
49,11029,35,24.588235294117112
53,11029,35,24.588235294117112
46,11177,31,24.588235294117112
53,11177,31,24.588235294117112
58,11177,31,24.588235294117112
34,11226,34,24.588235294117112
51,11250,33,24.588235294117112
44,11275,31,24.588235294117112
60,11275,31,24.588235294117112
66,11275,31,24.588235294117112
75,11349,40,24.588235294117112
31,11398,41,24.588235294117112
43,11398,41,24.588235294117112
63,11398,41,24.588235294117112
71,11398,41,24.588235294117112
70,11423,42,24.588235294117112
63,11447,44,24.588235294117112
58,11472,44,24.588235294117112
75,11472,44,24.588235294117112
53,11521,42,24.588235294117112
63,11521,42,24.588235294117112
71,11521,42,24.588235294117112
46,11545,52,24.588235294117112
70,11545,52,24.588235294117112
36,11570,44,24.588235294117112
48,11570,44,24.588235294117112
58,11570,44,24.588235294117112
63,11595,57,24.588235294117112
70,11595,57,24.588235294117112
37,11644,71,24.588235294117112
42,11644,71,24.588235294117112
48,11644,71,24.588235294117112
37,11668,58,24.588235294117112
61,11668,58,24.588235294117112
58,11693,57,24.588235294117112
66,11693,57,24.588235294117112
37,11718,50,24.588235294117112
54,11718,50,24.588235294117112
58,11718,50,24.588235294117112
49,11742,60,24.588235294117112
54,11767,51,24.588235294117112
42,11791,51,24.588235294117112
66,11791,51,24.588235294117112
70,11791,51,24.588235294117112
48,11816,49,24.588235294117112
54,11841,54,24.588235294117112
58,11841,54,24.588235294117112
61,11841,54,24.588235294117112
66,11841,54,24.588235294117112
36,11865,58,24.588235294117112
46,11865,58,24.588235294117112
58,11865,58,24.588235294117112
46,11890,56,24.588235294117112
54,11890,56,24.588235294117112
58,11890,56,24.588235294117112
51,11914,51,24.588235294117112
39,11963,57,24.588235294117112
71,11963,57,24.588235294117112
31,11988,53,24.588235294117112
70,11988,53,24.588235294117112
63,12013,50,24.588235294117112
58,12037,50,24.588235294117112
70,12037,50,24.588235294117112
31,12062,54,24.588235294117112
75,12062,54,24.588235294117112
46,12086,55,24.588235294117112
63,12086,55,24.588235294117112
71,12086,55,24.588235294117112
58,12111,67,24.588235294186234
70,12111,67,24.588235294186234
37,12134,54,23.5
44,12158,48,23.5
53,12158,48,23.5
56,12158,48,23.5
63,12158,48,23.5
70,12158,48,23.5
58,12182,49,23.5
65,12205,80,23.5
61,12230,59,25.09523809523853
53,12255,52,25.09523809523853
56,12255,52,25.09523809523853
61,12280,52,25.09523809523853
56,12305,48,25.09523809523853
53,12330,45,25.09523809523853
53,12356,54,25.09523809523853
68,12356,54,25.09523809523853
73,12356,54,25.09523809523853
61,12381,48,25.09523809523853
65,12381,48,25.09523809523853
56,12406,50,25.09523809523853
61,12406,50,25.09523809523853
44,12431,54,25.09523809523853
53,12431,54,25.09523809523853
56,12431,54,25.09523809523853
53,12456,53,25.09523809523853
43,12481,50,25.09523809523853
55,12481,50,25.09523809523853
62,12481,50,25.09523809523853
75,12481,50,25.09523809523853
70,12506,52,25.09523809523853
34,12531,45,25.09523809523853
43,12556,51,25.09523809523853
63,12556,51,25.09523809523853
70,12556,51,25.09523809523853
39,12581,53,25.09523809523853
43,12581,53,25.09523809523853
46,12581,53,25.09523809523853
58,12581,53,25.09523809523853
55,12607,54,25.09523809523853
58,12607,54,25.09523809523853
43,12632,61,25.09523809523853
50,12632,61,25.09523809523853
75,12632,61,25.09523809523853
31,12657,54,25.09523809523853
46,12657,54,25.09523809523853
70,12657,54,25.09523809523853
58,12682,67,25.09523809523853
48,12732,72,25.095238095229433
51,12732,72,25.095238095229433
60,12732,72,25.095238095229433
60,12756,56,24.0
42,12780,80,24.0
48,12780,80,24.0
37,12829,41,24.5
61,12829,41,24.5
42,12854,63,24.5
37,12878,56,24.5
49,12878,56,24.5
42,12902,52,24.5
46,12902,52,24.5
49,12902,52,24.5
60,12952,46,24.5
37,12976,61,24.5
48,12976,61,24.5
60,13000,49,24.4736842105267
42,13025,61,24.4736842105267
46,13025,61,24.4736842105267
58,13025,61,24.4736842105267
37,13074,62,24.4736842105267
44,13074,62,24.4736842105267
46,13074,62,24.4736842105267
58,13074,62,24.4736842105267
49,13098,50,24.4736842105267
53,13123,48,24.4736842105267
56,13123,48,24.4736842105267
37,13147,49,24.4736842105267
44,13147,49,24.4736842105267
37,13172,43,24.4736842105267
44,13196,41,24.4736842105267
49,13221,41,24.4736842105267
37,13245,39,24.4736842105267
53,13270,49,24.4736842105267
44,13294,41,24.4736842105267
56,13319,55,24.4736842105267
48,13343,43,24.4736842105267
44,13368,57,24.4736842105267
51,13368,57,24.4736842105267
56,13368,57,24.4736842105267
39,13392,44,24.4736842105267
51,13417,53,24.4736842105267
36,13441,47,24.4736842105267
44,13441,47,24.4736842105267
48,13514,48,24.4736842105267
53,13563,53,24.4736842105267
44,13588,42,24.4736842105267
56,13588,42,24.4736842105267
41,13612,54,24.4736842105267
34,13637,44,24.4736842105267
43,13661,61,24.4736842105267
55,13661,61,24.4736842105267
43,13686,52,24.4736842105267
63,13735,48,24.4736842105267
58,13759,50,24.4736842105267
31,13784,49,24.4736842105267
43,13784,49,24.4736842105267
46,13784,49,24.4736842105267
55,13784,49,24.4736842105267
58,13784,49,24.4736842105267
50,13808,60,24.4736842105267
75,13808,60,24.4736842105267
31,13833,54,24.4736842105267
70,13833,54,24.4736842105267
46,13857,68,24.4736842105267
51,13857,68,24.4736842105267
58,13857,68,24.4736842105267
48,13906,83,24.473684210512147
60,13906,83,24.473684210512147
37,13955,81,24.5
44,13955,81,24.5
48,13955,81,24.5
60,13955,81,24.5
37,14003,63,23.875
42,14003,63,23.875
49,14027,74,23.875
61,14027,74,23.875
42,14050,72,23.875
46,14050,72,23.875
49,14050,72,23.875
37,14074,64,23.875
53,14074,64,23.875
46,14098,69,23.875
37,14122,56,23.875
53,14122,56,23.875
58,14122,56,23.875
60,14122,56,23.875
42,14146,81,23.875
48,14146,81,23.875
37,14196,88,25.0
42,14196,88,25.0
46,14196,88,25.0
58,14196,88,25.0
44,14215,72,19.0
49,14215,72,19.0
58,14215,72,19.0
48,14249,90,34.0
63,14249,90,34.0
39,14273,67,24.0
51,14273,67,24.0
51,14321,81,24.0
63,14321,81,24.0
44,14343,80,22.0
39,14387,89,22.0
48,14387,89,22.0
51,14387,89,22.0
32,14434,89,23.5
61,14434,89,23.5
32,14458,70,24.0
36,14458,70,24.0
49,14458,70,24.0
63,14458,70,24.0
44,14482,96,24.0
36,14506,75,23.5
43,14529,101,23.5
52,14529,101,23.5
64,14529,101,23.5
48,14554,82,25.5
40,14580,86,25.5
52,14580,86,25.5
40,14602,77,22.5
43,14602,77,22.5
48,14625,103,22.5
52,14625,103,22.5
64,14625,103,22.5
40,14648,82,23.0
36,14671,97,23.0
48,14671,97,23.0
52,14671,97,23.0
40,14698,81,27.0
40,14725,111,27.0
43,14725,111,27.0
48,14725,111,27.0
52,14725,111,27.0
43,14755,90,30.0
36,14785,118,30.0
48,14785,118,30.0
40,14809,92,24.0
45,14833,81,24.0
48,14833,81,24.0
36,14857,118,24.0
45,14924,78,22.399999999999636
45,14969,89,22.400000000001455
48,14969,89,22.400000000001455
65,14969,89,22.400000000001455
53,15013,74,22.0
45,15057,85,22.0
48,15057,85,22.0
60,15057,85,22.0
48,15105,88,24.0
50,15105,88,24.0
62,15105,88,24.0
45,15130,72,24.5
50,15154,91,24.5
39,15186,79,32.0
51,15186,79,32.0
63,15186,79,32.0
44,15234,67,23.799999999999272
48,15234,67,23.799999999999272
63,15257,64,23.799999999999272
39,15281,60,23.799999999999272
51,15305,72,23.80000000000291
53,15305,72,23.80000000000291
62,15326,62,21.0
44,15347,78,21.0
50,15347,78,21.0
48,15366,87,19.0
60,15366,87,19.0
44,15416,63,25.0
38,15441,96,25.0
42,15441,96,25.0
48,15441,96,25.0
60,15441,96,25.0
46,15490,81,24.75
60,15490,81,24.75
29,15515,68,24.75
41,15515,68,24.75
58,15515,68,24.75
41,15540,66,24.75
38,15565,61,24.75
50,15565,61,24.75
41,15639,75,24.75
46,15639,75,24.75
58,15639,75,24.75
38,15662,64,22.5
46,15684,83,22.5
58,15684,83,22.5
37,15707,69,23.0
41,15707,69,23.0
46,15730,96,23.0
56,15730,96,23.0
37,15762,79,32.0
44,15762,79,32.0
58,15762,79,32.0
37,15789,67,26.75
41,15789,67,26.75
37,15816,69,26.75
44,15816,69,26.75
37,15842,69,26.75
44,15869,90,26.75
56,15869,90,26.75
39,15914,81,22.66666666666606
55,15914,81,22.66666666666606
53,15937,88,22.66666666666788
43,15965,74,28.0
46,15965,74,28.0
36,16021,114,28.0
53,16021,114,28.0
48,16067,77,23.0
53,16067,77,23.0
45,16090,74,23.0
45,16135,78,22.0
48,16135,78,22.0
41,16181,70,24.0
53,16181,70,24.0
60,16181,70,24.0
48,16205,86,24.0
41,16228,73,23.0
45,16228,73,23.0
41,16251,90,23.0
50,16251,90,23.0
62,16251,90,23.0
46,16305,100,27.0
50,16305,100,27.0
63,16305,100,27.0
39,16333,85,28.0
46,16357,74,24.200000000000728
51,16357,74,24.200000000000728
36,16381,70,24.200000000000728
44,16381,70,24.200000000000728
48,16381,70,24.200000000000728
46,16454,81,24.19999999999709
63,16454,81,24.19999999999709
62,16475,70,21.0
44,16496,86,21.0
50,16496,86,21.0
48,16516,95,20.0
60,16516,95,20.0
44,16565,68,28.0
53,16565,68,28.0
65,16565,68,28.0
38,16593,103,28.0
29,16665,67,24.125
41,16665,67,24.125
42,16665,67,24.125
46,16665,67,24.125
38,16690,71,24.125
41,16690,71,24.125
50,16738,70,24.125
38,16762,67,24.125
63,16762,67,24.125
29,16786,78,24.125
41,16786,78,24.125
51,16786,78,24.125
38,16808,70,21.5
46,16808,70,21.5
53,16829,89,21.5
41,16846,84,17.0
48,16846,84,17.0
37,16880,107,34.0
44,16880,107,34.0
55,16880,107,34.0
37,16905,77,24.83333333333212
41,16930,70,24.83333333333212
37,16979,65,24.83333333333212
41,16979,65,24.83333333333212
63,16979,65,24.83333333333212
44,17004,66,24.83333333333212
39,17029,91,24.833333333339397
51,17029,91,24.833333333339397
46,17096,68,22.25
48,17096,68,22.25
43,17118,93,22.25
60,17118,93,22.25
39,17148,74,30.0
36,17178,108,30.0
53,17178,108,30.0
48,17205,76,26.66666666666788
46,17231,69,26.66666666666788
41,17258,74,26.66666666666424
53,17258,74,26.66666666666424
60,17258,74,26.66666666666424
46,17301,77,21.33333333333212
53,17301,77,21.33333333333212
48,17322,82,21.33333333333576
48,17366,96,25.0
50,17366,96,25.0
51,17366,96,25.0
48,17400,96,34.0
53,17400,96,34.0
60,17400,96,34.0
53,17425,104,25.0
70,17456,94,31.0
41,17479,89,23.0
41,17527,69,26.66666666666788
70,17527,69,26.66666666666788
52,17553,61,26.66666666666788
64,17553,61,26.66666666666788
41,17605,72,24.599999999998545
48,17605,72,24.599999999998545
34,17654,63,24.599999999998545
38,17654,63,24.599999999998545
41,17654,63,24.599999999998545
50,17654,63,24.599999999998545
46,17678,59,24.599999999998545
41,17703,59,24.599999999998545
38,17728,64,24.599999999998545
50,17728,64,24.599999999998545
52,17728,64,24.599999999998545
46,17752,67,24.599999999998545
41,17777,74,24.599999999998545
50,17777,74,24.599999999998545
53,17777,74,24.599999999998545
62,17777,74,24.599999999998545
53,17826,78,24.600000000013097
55,17850,75,24.0
64,17850,75,24.0
46,17874,85,24.0
52,17874,85,24.0
46,17898,66,23.66666666666788
38,17921,62,23.66666666666788
50,17921,62,23.66666666666788
46,17945,56,23.66666666666788
34,17992,54,23.66666666666788
41,17992,54,23.66666666666788
46,17992,54,23.66666666666788
53,17992,54,23.66666666666788
38,18016,78,23.666666666660603
46,18016,78,23.666666666660603
50,18016,78,23.666666666660603
62,18016,78,23.666666666660603
41,18042,59,26.5
57,18069,83,26.5
46,18092,66,23.5
53,18092,66,23.5
69,18092,66,23.5
41,18116,61,23.5
57,18116,61,23.5
46,18140,72,23.5
55,18140,72,23.5
34,18163,97,23.5
53,18209,67,23.16666666666788
34,18233,65,23.16666666666788
41,18233,65,23.16666666666788
38,18256,66,23.16666666666788
50,18256,66,23.16666666666788
55,18256,66,23.16666666666788
46,18279,77,23.16666666666788
57,18279,77,23.16666666666788
41,18302,90,23.166666666660603
34,18326,70,24.125
38,18326,70,24.125
50,18326,70,24.125
41,18350,62,24.125
34,18374,64,24.125
53,18374,64,24.125
38,18398,67,24.125
46,18398,67,24.125
53,18398,67,24.125
41,18423,66,24.125
53,18423,66,24.125
53,18447,82,24.125
38,18471,69,24.125
41,18495,91,24.125
48,18495,91,24.125
55,18495,91,24.125
38,18544,98,24.5
50,18544,98,24.5
41,18566,72,22.5
34,18589,103,22.5
38,18589,103,22.5
50,18589,103,22.5
53,18589,103,22.5
60,18589,103,22.5
38,18615,70,26.0
41,18615,70,26.0
46,18641,87,26.0
55,18641,87,26.0
34,18666,68,24.66666666666788
38,18666,68,24.66666666666788
65,18666,68,24.66666666666788
41,18690,66,24.66666666666788
53,18690,66,24.66666666666788
46,18715,76,24.66666666666424
53,18715,76,24.66666666666424
51,18749,100,34.0
63,18749,100,34.0
34,18775,76,26.285714285713766
44,18775,76,26.285714285713766
44,18828,64,26.285714285713766
48,18828,64,26.285714285713766
39,18854,64,26.285714285713766
48,18880,70,26.285714285713766
51,18880,70,26.285714285713766
39,18907,70,26.285714285713766
44,18907,70,26.285714285713766
44,18933,81,26.285714285717404
50,18933,81,26.285714285717404
60,18933,81,26.285714285717404
48,18952,82,19.0
38,18985,80,33.0
44,18985,80,33.0
50,18985,80,33.0
63,18985,80,33.0
44,19001,86,16.0
53,19001,86,16.0
32,19024,95,23.0
39,19024,95,23.0
48,19024,95,23.0
50,19024,95,23.0
44,19070,65,23.0
48,19093,63,23.0
44,19116,84,23.0
60,19116,84,23.0
38,19163,71,23.5
44,19163,71,23.5
50,19163,71,23.5
32,19186,66,23.5
44,19210,67,23.5
48,19210,67,23.5
39,19234,65,23.5
44,19257,67,23.5
48,19257,67,23.5
39,19280,78,23.5
58,19280,78,23.5
44,19304,92,23.5
48,19304,92,23.5
51,19304,92,23.5
60,19304,92,23.5
39,19330,74,25.5
44,19355,70,25.5
51,19355,70,25.5
51,19380,62,25.5
39,19406,77,25.5
58,19406,77,25.5
44,19422,85,16.0
60,19422,85,16.0
38,19444,114,22.0
44,19444,114,22.0
48,19444,114,22.0
39,19465,87,21.0
38,19486,84,21.0
66,19486,84,21.0
38,19532,76,22.857142857141298
50,19532,76,22.857142857141298
39,19555,66,22.857142857141298
44,19555,66,22.857142857141298
39,19577,59,22.857142857141298
32,19600,80,22.857142857141298
36,19600,80,22.857142857141298
44,19600,80,22.857142857141298
48,19600,80,22.857142857141298
48,19646,82,22.857142857152212
60,19646,82,22.857142857152212
36,19668,82,22.0
39,19668,82,22.0
62,19668,82,22.0
44,19693,84,25.428571428572468
48,19693,84,25.428571428572468
55,19693,84,25.428571428572468
60,19693,84,25.428571428572468
38,19719,68,25.428571428572468
39,19744,65,25.428571428572468
44,19744,65,25.428571428572468
50,19744,65,25.428571428572468
38,19770,60,25.428571428572468
44,19795,60,25.428571428572468
50,19795,60,25.428571428572468
32,19846,73,25.428571428565192
38,19846,73,25.428571428565192
44,19846,73,25.428571428565192
48,19846,73,25.428571428565192
60,19846,73,25.428571428565192
39,19869,60,23.33333333333212
48,19916,72,23.33333333333576
60,19916,72,23.33333333333576
37,19942,55,26.5
42,19969,59,26.5
44,19969,59,26.5
61,19969,59,26.5
63,19996,71,26.5
46,20022,80,26.5
58,20022,80,26.5
42,20046,66,23.692307692308532
53,20046,66,23.692307692308532
46,20069,66,23.692307692308532
58,20069,66,23.692307692308532
53,20093,60,23.692307692308532
37,20117,53,23.692307692308532
46,20140,50,23.692307692308532
49,20140,50,23.692307692308532
37,20164,48,23.692307692308532
42,20164,48,23.692307692308532
53,20164,48,23.692307692308532
44,20188,48,23.692307692308532
49,20188,48,23.692307692308532
37,20212,47,23.692307692308532
46,20212,47,23.692307692308532
58,20212,47,23.692307692308532
35,20259,47,23.692307692308532
40,20259,47,23.692307692308532
47,20259,47,23.692307692308532
49,20283,51,23.692307692308532
61,20283,51,23.692307692308532
44,20306,60,23.692307692308532
56,20330,66,23.692307692297618
39,20380,52,25.200000000000728
47,20380,52,25.200000000000728
51,20380,52,25.200000000000728
44,20431,50,25.200000000000728
47,20481,45,25.200000000000728
35,20506,46,25.200000000000728
17,20532,48,25.200000000000728
44,20532,48,25.200000000000728
56,20532,48,25.200000000000728
42,20582,46,25.200000000000728
54,20607,47,25.200000000000728
42,20632,61,25.200000000000728
45,20658,58,25.200000000000728
38,20683,60,25.200000000000728
42,20683,60,25.200000000000728
50,20683,60,25.200000000000728
49,20708,61,25.200000000000728
38,20733,69,25.200000000000728
61,20733,69,25.200000000000728
42,20758,57,25.200000000000728
45,20758,57,25.200000000000728
49,20758,57,25.200000000000728
38,20809,55,25.200000000000728
35,20834,82,25.199999999986176
44,20834,82,25.199999999986176
47,20834,82,25.199999999986176
40,20860,57,26.5
35,20914,54,26.5
47,20914,54,26.5
52,20940,69,26.5
64,20940,69,26.5
47,20966,59,26.5
35,20993,53,26.5
40,20993,53,26.5
44,20993,53,26.5
52,20993,53,26.5
44,21020,53,26.5
47,21020,53,26.5
52,21072,48,26.5
40,21099,46,26.5
44,21099,46,26.5
47,21126,45,26.5
52,21126,45,26.5
35,21178,40,26.5
44,21232,36,26.5
44,21390,31,26.5
42,21444,31,26.5
44,21444,31,26.5
46,21444,31,26.5
54,21444,31,26.5
44,21470,31,26.5
37,21496,30,26.5
61,21576,35,26.5
42,21602,35,26.5
66,21602,35,26.5
70,21629,36,26.5
61,21656,37,26.5
73,21656,37,26.5
70,21735,35,26.5
61,21788,35,26.5
54,21814,31,26.5
61,21868,34,26.5
70,21868,34,26.5
66,21894,36,26.5
73,21894,36,26.5
61,21947,35,26.5
70,22026,32,26.5
54,22186,28,26.5
